date,discharge (m3/s)
2006/1/1,0
2006/1/2,0
2006/1/3,0
2006/1/4,0
2006/1/5,0
2006/1/6,0
2006/1/7,0
2006/1/8,0
2006/1/9,0
2006/1/10,0
2006/1/11,0
2006/1/12,0
2006/1/13,0
2006/1/14,0
2006/1/15,0
2006/1/16,0
2006/1/17,0
2006/1/18,0
2006/1/19,0
2006/1/20,0
2006/1/21,0
2006/1/22,0
2006/1/23,0
2006/1/24,0
2006/1/25,0
2006/1/26,0
2006/1/27,0
2006/1/28,0
2006/1/29,0
2006/1/30,0
2006/1/31,0
2006/2/1,0
2006/2/2,0
2006/2/3,0
2006/2/4,0
2006/2/5,0
2006/2/6,0
2006/2/7,0
2006/2/8,0
2006/2/9,0
2006/2/10,0
2006/2/11,0
2006/2/12,0
2006/2/13,0
2006/2/14,0
2006/2/15,0
2006/2/16,0
2006/2/17,0
2006/2/18,0
2006/2/19,0
2006/2/20,0
2006/2/21,0
2006/2/22,0
2006/2/23,0
2006/2/24,0
2006/2/25,0
2006/2/26,0
2006/2/27,0
2006/2/28,0
2006/3/1,2.121729993
2006/3/2,2.121729993
2006/3/3,2.121729993
2006/3/4,2.121729993
2006/3/5,2.121729993
2006/3/6,2.121729993
2006/3/7,2.121729993
2006/3/8,2.121729993
2006/3/9,2.121729993
2006/3/10,2.121729993
2006/3/11,2.121729993
2006/3/12,2.121729993
2006/3/13,2.121729993
2006/3/14,2.121729993
2006/3/15,2.121729993
2006/3/16,2.121729993
2006/3/17,2.121729993
2006/3/18,2.121729993
2006/3/19,2.121729993
2006/3/20,2.121729993
2006/3/21,2.121729993
2006/3/22,2.121729993
2006/3/23,2.121729993
2006/3/24,2.121729993
2006/3/25,2.121729993
2006/3/26,2.121729993
2006/3/27,2.121729993
2006/3/28,2.121729993
2006/3/29,2.121729993
2006/3/30,2.121729993
2006/3/31,2.121729993
2006/4/1,8.769817304
2006/4/2,8.769817304
2006/4/3,8.769817304
2006/4/4,8.769817304
2006/4/5,8.769817304
2006/4/6,8.769817304
2006/4/7,8.769817304
2006/4/8,8.769817304
2006/4/9,8.769817304
2006/4/10,8.769817304
2006/4/11,8.769817304
2006/4/12,8.769817304
2006/4/13,8.769817304
2006/4/14,8.769817304
2006/4/15,8.769817304
2006/4/16,8.769817304
2006/4/17,8.769817304
2006/4/18,8.769817304
2006/4/19,8.769817304
2006/4/20,8.769817304
2006/4/21,8.769817304
2006/4/22,8.769817304
2006/4/23,8.769817304
2006/4/24,8.769817304
2006/4/25,8.769817304
2006/4/26,8.769817304
2006/4/27,8.769817304
2006/4/28,8.769817304
2006/4/29,8.769817304
2006/4/30,8.769817304
2006/5/1,18.1
2006/5/2,20.5
2006/5/3,24.4
2006/5/4,21.5
2006/5/5,20.8
2006/5/6,19.1
2006/5/7,18.2
2006/5/8,18.4
2006/5/9,18.7
2006/5/10,19
2006/5/11,20.2
2006/5/12,21
2006/5/13,19
2006/5/14,18.8
2006/5/15,18.9
2006/5/16,19.5
2006/5/17,19.4
2006/5/18,20.4
2006/5/19,21.6
2006/5/20,22.2
2006/5/21,19.5
2006/5/22,19.4
2006/5/23,19.2
2006/5/24,19.5
2006/5/25,17.5
2006/5/26,17
2006/5/27,17.1
2006/5/28,18.2
2006/5/29,19.4
2006/5/30,20.2
2006/5/31,22.6
2006/6/1,24
2006/6/2,28.7
2006/6/3,32.4
2006/6/4,44.5
2006/6/5,49
2006/6/6,48.7
2006/6/7,51.1
2006/6/8,50.3
2006/6/9,51.8
2006/6/10,57.5
2006/6/11,61.9
2006/6/12,70.9
2006/6/13,70.4
2006/6/14,72.7
2006/6/15,62
2006/6/16,48.8
2006/6/17,51.2
2006/6/18,63.8
2006/6/19,78.4
2006/6/20,90.9
2006/6/21,76.3
2006/6/22,67.8
2006/6/23,56.9
2006/6/24,36
2006/6/25,25.9
2006/6/26,26.9
2006/6/27,36.1
2006/6/28,39
2006/6/29,45.4
2006/6/30,43.1
2006/7/1,54.8
2006/7/2,94
2006/7/3,99.3
2006/7/4,68.3
2006/7/5,58.4
2006/7/6,149
2006/7/7,124
2006/7/8,92
2006/7/9,60.1
2006/7/10,36.3
2006/7/11,39.4
2006/7/12,46.7
2006/7/13,66.3
2006/7/14,58.7
2006/7/15,60.5
2006/7/16,68.3
2006/7/17,90.2
2006/7/18,121
2006/7/19,127
2006/7/20,116
2006/7/21,130
2006/7/22,144
2006/7/23,173
2006/7/24,117
2006/7/25,77.6
2006/7/26,80.1
2006/7/27,79.1
2006/7/28,76
2006/7/29,77.9
2006/7/30,79.4
2006/7/31,53.2
2006/8/1,55.5
2006/8/2,68.6
2006/8/3,70.3
2006/8/4,73.9
2006/8/5,70.8
2006/8/6,62.6
2006/8/7,69.4
2006/8/8,78.7
2006/8/9,76.5
2006/8/10,90.5
2006/8/11,96.5
2006/8/12,106
2006/8/13,122
2006/8/14,123
2006/8/15,137
2006/8/16,122
2006/8/17,142
2006/8/18,183
2006/8/19,175
2006/8/20,202
2006/8/21,156
2006/8/22,155
2006/8/23,175
2006/8/24,159
2006/8/25,161
2006/8/26,148
2006/8/27,125
2006/8/28,152
2006/8/29,151
2006/8/30,167
2006/8/31,148
2006/9/1,153
2006/9/2,153
2006/9/3,116
2006/9/4,94.4
2006/9/5,91.1
2006/9/6,94
2006/9/7,97.7
2006/9/8,89.5
2006/9/9,76.6
2006/9/10,71.8
2006/9/11,69.7
2006/9/12,65.7
2006/9/13,65.7
2006/9/14,64.8
2006/9/15,55.6
2006/9/16,53.9
2006/9/17,54.1
2006/9/18,56.2
2006/9/19,55.4
2006/9/20,47.1
2006/9/21,45.8
2006/9/22,44.7
2006/9/23,54.9
2006/9/24,62.5
2006/9/25,55.1
2006/9/26,48.7
2006/9/27,40.5
2006/9/28,37.4
2006/9/29,35.9
2006/9/30,34.1
2006/10/1,33
2006/10/2,32.8
2006/10/3,31.6
2006/10/4,31.3
2006/10/5,31.3
2006/10/6,30.1
2006/10/7,28.4
2006/10/8,29.2
2006/10/9,28.7
2006/10/10,29.3
2006/10/11,27.6
2006/10/12,29
2006/10/13,28.1
2006/10/14,26.1
2006/10/15,25.2
2006/10/16,25.8
2006/10/17,2.4
2006/10/18,25.4
2006/10/19,24.7
2006/10/20,24.7
2006/10/21,24.3
2006/10/22,24.1
2006/10/23,19.5
2006/10/24,19.5
2006/10/25,21.6
2006/10/26,22.9
2006/10/27,22.5
2006/10/28,16.5
2006/10/29,17.4
2006/10/30,17
2006/10/31,17.7
2006/11/1,2.192454326
2006/11/2,2.192454326
2006/11/3,2.192454326
2006/11/4,2.192454326
2006/11/5,2.192454326
2006/11/6,2.192454326
2006/11/7,2.192454326
2006/11/8,2.192454326
2006/11/9,2.192454326
2006/11/10,2.192454326
2006/11/11,2.192454326
2006/11/12,2.192454326
2006/11/13,2.192454326
2006/11/14,2.192454326
2006/11/15,2.192454326
2006/11/16,2.192454326
2006/11/17,2.192454326
2006/11/18,2.192454326
2006/11/19,2.192454326
2006/11/20,2.192454326
2006/11/21,2.192454326
2006/11/22,2.192454326
2006/11/23,2.192454326
2006/11/24,2.192454326
2006/11/25,2.192454326
2006/11/26,2.192454326
2006/11/27,2.192454326
2006/11/28,2.192454326
2006/11/29,2.192454326
2006/11/30,2.192454326
2006/12/1,0
2006/12/2,0
2006/12/3,0
2006/12/4,0
2006/12/5,0
2006/12/6,0
2006/12/7,0
2006/12/8,0
2006/12/9,0
2006/12/10,0
2006/12/11,0
2006/12/12,0
2006/12/13,0
2006/12/14,0
2006/12/15,0
2006/12/16,0
2006/12/17,0
2006/12/18,0
2006/12/19,0
2006/12/20,0
2006/12/21,0
2006/12/22,0
2006/12/23,0
2006/12/24,0
2006/12/25,0
2006/12/26,0
2006/12/27,0
2006/12/28,0
2006/12/29,0
2006/12/30,0
2006/12/31,0
2007/1/1,0
2007/1/2,0
2007/1/3,0
2007/1/4,0
2007/1/5,0
2007/1/6,0
2007/1/7,0
2007/1/8,0
2007/1/9,0
2007/1/10,0
2007/1/11,0
2007/1/12,0
2007/1/13,0
2007/1/14,0
2007/1/15,0
2007/1/16,0
2007/1/17,0
2007/1/18,0
2007/1/19,0
2007/1/20,0
2007/1/21,0
2007/1/22,0
2007/1/23,0
2007/1/24,0
2007/1/25,0
2007/1/26,0
2007/1/27,0
2007/1/28,0
2007/1/29,0
2007/1/30,0
2007/1/31,0
2007/2/1,0
2007/2/2,0
2007/2/3,0
2007/2/4,0
2007/2/5,0
2007/2/6,0
2007/2/7,0
2007/2/8,0
2007/2/9,0
2007/2/10,0
2007/2/11,0
2007/2/12,0
2007/2/13,0
2007/2/14,0
2007/2/15,0
2007/2/16,0
2007/2/17,0
2007/2/18,0
2007/2/19,0
2007/2/20,0
2007/2/21,0
2007/2/22,0
2007/2/23,0
2007/2/24,0
2007/2/25,0
2007/2/26,0
2007/2/27,0
2007/2/28,0
2007/3/1,1.817218201
2007/3/2,1.817218201
2007/3/3,1.817218201
2007/3/4,1.817218201
2007/3/5,1.817218201
2007/3/6,1.817218201
2007/3/7,1.817218201
2007/3/8,1.817218201
2007/3/9,1.817218201
2007/3/10,1.817218201
2007/3/11,1.817218201
2007/3/12,1.817218201
2007/3/13,1.817218201
2007/3/14,1.817218201
2007/3/15,1.817218201
2007/3/16,1.817218201
2007/3/17,1.817218201
2007/3/18,1.817218201
2007/3/19,1.817218201
2007/3/20,1.817218201
2007/3/21,1.817218201
2007/3/22,1.817218201
2007/3/23,1.817218201
2007/3/24,1.817218201
2007/3/25,1.817218201
2007/3/26,1.817218201
2007/3/27,1.817218201
2007/3/28,1.817218201
2007/3/29,1.817218201
2007/3/30,1.817218201
2007/3/31,1.817218201
2007/4/1,7.511168563
2007/4/2,7.511168563
2007/4/3,7.511168563
2007/4/4,7.511168563
2007/4/5,7.511168563
2007/4/6,7.511168563
2007/4/7,7.511168563
2007/4/8,7.511168563
2007/4/9,7.511168563
2007/4/10,7.511168563
2007/4/11,7.511168563
2007/4/12,7.511168563
2007/4/13,7.511168563
2007/4/14,7.511168563
2007/4/15,7.511168563
2007/4/16,7.511168563
2007/4/17,7.511168563
2007/4/18,7.511168563
2007/4/19,7.511168563
2007/4/20,7.511168563
2007/4/21,7.511168563
2007/4/22,7.511168563
2007/4/23,7.511168563
2007/4/24,7.511168563
2007/4/25,7.511168563
2007/4/26,7.511168563
2007/4/27,7.511168563
2007/4/28,7.511168563
2007/4/29,7.511168563
2007/4/30,7.511168563
2007/5/1,16.3
2007/5/2,16.5
2007/5/3,16.2
2007/5/4,16.3
2007/5/5,17.1
2007/5/6,18.3
2007/5/7,17.2
2007/5/8,14.3
2007/5/9,15.8
2007/5/10,16.6
2007/5/11,20.4
2007/5/12,18.9
2007/5/13,17.7
2007/5/14,17.8
2007/5/15,17.1
2007/5/16,16.6
2007/5/17,16.6
2007/5/18,16.6
2007/5/19,16.8
2007/5/20,17
2007/5/21,16.4
2007/5/22,13.1
2007/5/23,14.9
2007/5/24,18.5
2007/5/25,19.5
2007/5/26,18.7
2007/5/27,18.7
2007/5/28,17.3
2007/5/29,15.6
2007/5/30,15.3
2007/5/31,15
2007/6/1,15
2007/6/2,14.9
2007/6/3,14.9
2007/6/4,14.5
2007/6/5,14.2
2007/6/6,13.9
2007/6/7,14
2007/6/8,15.3
2007/6/9,20.5
2007/6/10,22.7
2007/6/11,22.4
2007/6/12,20.9
2007/6/13,19.3
2007/6/14,16.6
2007/6/15,15.8
2007/6/16,18.8
2007/6/17,20.8
2007/6/18,25.4
2007/6/19,40.6
2007/6/20,48.2
2007/6/21,49.5
2007/6/22,36.8
2007/6/23,32.4
2007/6/24,28.9
2007/6/25,22.4
2007/6/26,19
2007/6/27,15.4
2007/6/28,15.4
2007/6/29,15.2
2007/6/30,14.5
2007/7/1,16.5
2007/7/2,26.2
2007/7/3,29.8
2007/7/4,32.6
2007/7/5,31.9
2007/7/6,33
2007/7/7,30.4
2007/7/8,29.5
2007/7/9,41
2007/7/10,63.9
2007/7/11,98.8
2007/7/12,69.8
2007/7/13,53
2007/7/14,40.2
2007/7/15,37.6
2007/7/16,40.6
2007/7/17,46.8
2007/7/18,48.2
2007/7/19,61.1
2007/7/20,85.6
2007/7/21,72.3
2007/7/22,39.6
2007/7/23,29.2
2007/7/24,34.5
2007/7/25,40.9
2007/7/26,46.5
2007/7/27,39
2007/7/28,35.7
2007/7/29,38.3
2007/7/30,49.5
2007/7/31,59.8
2007/8/1,61
2007/8/2,46.6
2007/8/3,36.2
2007/8/4,39.4
2007/8/5,52
2007/8/6,67.5
2007/8/7,91.5
2007/8/8,87.2
2007/8/9,87.3
2007/8/10,106
2007/8/11,96.5
2007/8/12,101
2007/8/13,113
2007/8/14,99.6
2007/8/15,98.3
2007/8/16,106
2007/8/17,115
2007/8/18,134
2007/8/19,167
2007/8/20,181
2007/8/21,161
2007/8/22,121
2007/8/23,116
2007/8/24,113
2007/8/25,136
2007/8/26,179
2007/8/27,188
2007/8/28,143
2007/8/29,160
2007/8/30,164
2007/8/31,170
2007/9/1,125
2007/9/2,113
2007/9/3,108
2007/9/4,101
2007/9/5,81
2007/9/6,76
2007/9/7,96
2007/9/8,115
2007/9/9,124
2007/9/10,126
2007/9/11,123
2007/9/12,148
2007/9/13,157
2007/9/14,107
2007/9/15,87.8
2007/9/16,75.8
2007/9/17,67.2
2007/9/18,62.5
2007/9/19,57.2
2007/9/20,49.5
2007/9/21,45.8
2007/9/22,44.4
2007/9/23,39.7
2007/9/24,38.9
2007/9/25,44.7
2007/9/26,62.5
2007/9/27,83.2
2007/9/28,84.8
2007/9/29,85.4
2007/9/30,106
2007/10/1,101
2007/10/2,95.2
2007/10/3,70.5
2007/10/4,58
2007/10/5,51.1
2007/10/6,44.5
2007/10/7,38.8
2007/10/8,37.8
2007/10/9,35.1
2007/10/10,33.9
2007/10/11,32
2007/10/12,29.4
2007/10/13,28.4
2007/10/14,30.7
2007/10/15,29.2
2007/10/16,28.4
2007/10/17,29.7
2007/10/18,30.3
2007/10/19,32.7
2007/10/20,31.6
2007/10/21,28.9
2007/10/22,26
2007/10/23,24.8
2007/10/24,26
2007/10/25,26.2
2007/10/26,24.9
2007/10/27,25.5
2007/10/28,25.7
2007/10/29,25.1
2007/10/30,25.1
2007/10/31,22.4
2007/11/1,1.877792141
2007/11/2,1.877792141
2007/11/3,1.877792141
2007/11/4,1.877792141
2007/11/5,1.877792141
2007/11/6,1.877792141
2007/11/7,1.877792141
2007/11/8,1.877792141
2007/11/9,1.877792141
2007/11/10,1.877792141
2007/11/11,1.877792141
2007/11/12,1.877792141
2007/11/13,1.877792141
2007/11/14,1.877792141
2007/11/15,1.877792141
2007/11/16,1.877792141
2007/11/17,1.877792141
2007/11/18,1.877792141
2007/11/19,1.877792141
2007/11/20,1.877792141
2007/11/21,1.877792141
2007/11/22,1.877792141
2007/11/23,1.877792141
2007/11/24,1.877792141
2007/11/25,1.877792141
2007/11/26,1.877792141
2007/11/27,1.877792141
2007/11/28,1.877792141
2007/11/29,1.877792141
2007/11/30,1.877792141
2007/12/1,0
2007/12/2,0
2007/12/3,0
2007/12/4,0
2007/12/5,0
2007/12/6,0
2007/12/7,0
2007/12/8,0
2007/12/9,0
2007/12/10,0
2007/12/11,0
2007/12/12,0
2007/12/13,0
2007/12/14,0
2007/12/15,0
2007/12/16,0
2007/12/17,0
2007/12/18,0
2007/12/19,0
2007/12/20,0
2007/12/21,0
2007/12/22,0
2007/12/23,0
2007/12/24,0
2007/12/25,0
2007/12/26,0
2007/12/27,0
2007/12/28,0
2007/12/29,0
2007/12/30,0
2007/12/31,0
2008/1/1,0
2008/1/2,0
2008/1/3,0
2008/1/4,0
2008/1/5,0
2008/1/6,0
2008/1/7,0
2008/1/8,0
2008/1/9,0
2008/1/10,0
2008/1/11,0
2008/1/12,0
2008/1/13,0
2008/1/14,0
2008/1/15,0
2008/1/16,0
2008/1/17,0
2008/1/18,0
2008/1/19,0
2008/1/20,0
2008/1/21,0
2008/1/22,0
2008/1/23,0
2008/1/24,0
2008/1/25,0
2008/1/26,0
2008/1/27,0
2008/1/28,0
2008/1/29,0
2008/1/30,0
2008/1/31,0
2008/2/1,0
2008/2/2,0
2008/2/3,0
2008/2/4,0
2008/2/5,0
2008/2/6,0
2008/2/7,0
2008/2/8,0
2008/2/9,0
2008/2/10,0
2008/2/11,0
2008/2/12,0
2008/2/13,0
2008/2/14,0
2008/2/15,0
2008/2/16,0
2008/2/17,0
2008/2/18,0
2008/2/19,0
2008/2/20,0
2008/2/21,0
2008/2/22,0
2008/2/23,0
2008/2/24,0
2008/2/25,0
2008/2/26,0
2008/2/27,0
2008/2/28,0
2008/2/29,0
2008/3/1,2.087475398
2008/3/2,2.087475398
2008/3/3,2.087475398
2008/3/4,2.087475398
2008/3/5,2.087475398
2008/3/6,2.087475398
2008/3/7,2.087475398
2008/3/8,2.087475398
2008/3/9,2.087475398
2008/3/10,2.087475398
2008/3/11,2.087475398
2008/3/12,2.087475398
2008/3/13,2.087475398
2008/3/14,2.087475398
2008/3/15,2.087475398
2008/3/16,2.087475398
2008/3/17,2.087475398
2008/3/18,2.087475398
2008/3/19,2.087475398
2008/3/20,2.087475398
2008/3/21,2.087475398
2008/3/22,2.087475398
2008/3/23,2.087475398
2008/3/24,2.087475398
2008/3/25,2.087475398
2008/3/26,2.087475398
2008/3/27,2.087475398
2008/3/28,2.087475398
2008/3/29,2.087475398
2008/3/30,2.087475398
2008/3/31,2.087475398
2008/4/1,8.628231644
2008/4/2,8.628231644
2008/4/3,8.628231644
2008/4/4,8.628231644
2008/4/5,8.628231644
2008/4/6,8.628231644
2008/4/7,8.628231644
2008/4/8,8.628231644
2008/4/9,8.628231644
2008/4/10,8.628231644
2008/4/11,8.628231644
2008/4/12,8.628231644
2008/4/13,8.628231644
2008/4/14,8.628231644
2008/4/15,8.628231644
2008/4/16,8.628231644
2008/4/17,8.628231644
2008/4/18,8.628231644
2008/4/19,8.628231644
2008/4/20,8.628231644
2008/4/21,8.628231644
2008/4/22,8.628231644
2008/4/23,8.628231644
2008/4/24,8.628231644
2008/4/25,8.628231644
2008/4/26,8.628231644
2008/4/27,8.628231644
2008/4/28,8.628231644
2008/4/29,8.628231644
2008/4/30,8.628231644
2008/5/1,13.6
2008/5/2,10
2008/5/3,9.75
2008/5/4,9.15
2008/5/5,12.6
2008/5/6,16.2
2008/5/7,15.8
2008/5/8,15.5
2008/5/9,17.2
2008/5/10,22.3
2008/5/11,25.6
2008/5/12,28
2008/5/13,33.3
2008/5/14,31.1
2008/5/15,34.8
2008/5/16,30.7
2008/5/17,31.2
2008/5/18,30.3
2008/5/19,32.5
2008/5/20,31.4
2008/5/21,29
2008/5/22,27.3
2008/5/23,26.8
2008/5/24,27
2008/5/25,31.2
2008/5/26,40.3
2008/5/27,54.7
2008/5/28,60.8
2008/5/29,68.9
2008/5/30,58.8
2008/5/31,51.1
2008/6/1,56.8
2008/6/2,42.2
2008/6/3,38.9
2008/6/4,41.1
2008/6/5,37.8
2008/6/6,43.5
2008/6/7,70.6
2008/6/8,65.2
2008/6/9,49
2008/6/10,39.6
2008/6/11,49.9
2008/6/12,87.4
2008/6/13,71.4
2008/6/14,48
2008/6/15,39.9
2008/6/16,30.7
2008/6/17,24.5
2008/6/18,32.5
2008/6/19,33.7
2008/6/20,41.6
2008/6/21,54.1
2008/6/22,75.4
2008/6/23,74.2
2008/6/24,59.6
2008/6/25,66.6
2008/6/26,67
2008/6/27,54.9
2008/6/28,50.9
2008/6/29,39.8
2008/6/30,39.8
2008/7/1,84.5
2008/7/2,148
2008/7/3,170
2008/7/4,136
2008/7/5,105
2008/7/6,58.4
2008/7/7,43.3
2008/7/8,36.4
2008/7/9,39.3
2008/7/10,41.5
2008/7/11,34.4
2008/7/12,35
2008/7/13,34.6
2008/7/14,46.6
2008/7/15,46.8
2008/7/16,68.6
2008/7/17,86.3
2008/7/18,58.9
2008/7/19,37.1
2008/7/20,32.3
2008/7/21,29.8
2008/7/22,29.3
2008/7/23,31
2008/7/24,40.1
2008/7/25,66.4
2008/7/26,101
2008/7/27,108
2008/7/28,135
2008/7/29,346
2008/7/30,497
2008/7/31,392
2008/8/1,230
2008/8/2,196
2008/8/3,161
2008/8/4,111
2008/8/5,97
2008/8/6,84.3
2008/8/7,92
2008/8/8,93.9
2008/8/9,84.6
2008/8/10,76.2
2008/8/11,74.8
2008/8/12,74.3
2008/8/13,67
2008/8/14,59.5
2008/8/15,72.1
2008/8/16,70
2008/8/17,63.3
2008/8/18,62.4
2008/8/19,74.6
2008/8/20,114
2008/8/21,198
2008/8/22,148
2008/8/23,112
2008/8/24,125
2008/8/25,130
2008/8/26,132
2008/8/27,131
2008/8/28,125
2008/8/29,135
2008/8/30,125
2008/8/31,75.1
2008/9/1,55.7
2008/9/2,53.2
2008/9/3,54.5
2008/9/4,52.3
2008/9/5,47.6
2008/9/6,46.2
2008/9/7,44.6
2008/9/8,44.1
2008/9/9,44.8
2008/9/10,44.9
2008/9/11,46.1
2008/9/12,43.7
2008/9/13,40.7
2008/9/14,40.7
2008/9/15,43.9
2008/9/16,45.7
2008/9/17,50.1
2008/9/18,53.6
2008/9/19,50.4
2008/9/20,52.1
2008/9/21,47.9
2008/9/22,42.7
2008/9/23,47.6
2008/9/24,53
2008/9/25,56.2
2008/9/26,53.1
2008/9/27,49.2
2008/9/28,55.2
2008/9/29,60.6
2008/9/30,60.4
2008/10/1,50.5
2008/10/2,47.8
2008/10/3,47.5
2008/10/4,47.9
2008/10/5,42
2008/10/6,39.2
2008/10/7,36.8
2008/10/8,36.6
2008/10/9,36.3
2008/10/10,36.6
2008/10/11,37.6
2008/10/12,34.5
2008/10/13,33.4
2008/10/14,33.2
2008/10/15,31.6
2008/10/16,30.5
2008/10/17,30.6
2008/10/18,30.6
2008/10/19,29.3
2008/10/20,26.9
2008/10/21,23.8
2008/10/22,20.5
2008/10/23,20.3
2008/10/24,19.6
2008/10/25,22.3
2008/10/26,20.7
2008/10/27,14.7
2008/10/28,13.4
2008/10/29,12.4
2008/10/30,11.7
2008/10/31,11.7
2008/11/1,2.157057911
2008/11/2,2.157057911
2008/11/3,2.157057911
2008/11/4,2.157057911
2008/11/5,2.157057911
2008/11/6,2.157057911
2008/11/7,2.157057911
2008/11/8,2.157057911
2008/11/9,2.157057911
2008/11/10,2.157057911
2008/11/11,2.157057911
2008/11/12,2.157057911
2008/11/13,2.157057911
2008/11/14,2.157057911
2008/11/15,2.157057911
2008/11/16,2.157057911
2008/11/17,2.157057911
2008/11/18,2.157057911
2008/11/19,2.157057911
2008/11/20,2.157057911
2008/11/21,2.157057911
2008/11/22,2.157057911
2008/11/23,2.157057911
2008/11/24,2.157057911
2008/11/25,2.157057911
2008/11/26,2.157057911
2008/11/27,2.157057911
2008/11/28,2.157057911
2008/11/29,2.157057911
2008/11/30,2.157057911
2008/12/1,0
2008/12/2,0
2008/12/3,0
2008/12/4,0
2008/12/5,0
2008/12/6,0
2008/12/7,0
2008/12/8,0
2008/12/9,0
2008/12/10,0
2008/12/11,0
2008/12/12,0
2008/12/13,0
2008/12/14,0
2008/12/15,0
2008/12/16,0
2008/12/17,0
2008/12/18,0
2008/12/19,0
2008/12/20,0
2008/12/21,0
2008/12/22,0
2008/12/23,0
2008/12/24,0
2008/12/25,0
2008/12/26,0
2008/12/27,0
2008/12/28,0
2008/12/29,0
2008/12/30,0
2008/12/31,0
2009/1/1,0
2009/1/2,0
2009/1/3,0
2009/1/4,0
2009/1/5,0
2009/1/6,0
2009/1/7,0
2009/1/8,0
2009/1/9,0
2009/1/10,0
2009/1/11,0
2009/1/12,0
2009/1/13,0
2009/1/14,0
2009/1/15,0
2009/1/16,0
2009/1/17,0
2009/1/18,0
2009/1/19,0
2009/1/20,0
2009/1/21,0
2009/1/22,0
2009/1/23,0
2009/1/24,0
2009/1/25,0
2009/1/26,0
2009/1/27,0
2009/1/28,0
2009/1/29,0
2009/1/30,0
2009/1/31,0
2009/2/1,0
2009/2/2,0
2009/2/3,0
2009/2/4,0
2009/2/5,0
2009/2/6,0
2009/2/7,0
2009/2/8,0
2009/2/9,0
2009/2/10,0
2009/2/11,0
2009/2/12,0
2009/2/13,0
2009/2/14,0
2009/2/15,0
2009/2/16,0
2009/2/17,0
2009/2/18,0
2009/2/19,0
2009/2/20,0
2009/2/21,0
2009/2/22,0
2009/2/23,0
2009/2/24,0
2009/2/25,0
2009/2/26,0
2009/2/27,0
2009/2/28,0
2009/3/1,4.001751343
2009/3/2,4.001751343
2009/3/3,4.001751343
2009/3/4,4.001751343
2009/3/5,4.001751343
2009/3/6,4.001751343
2009/3/7,4.001751343
2009/3/8,4.001751343
2009/3/9,4.001751343
2009/3/10,4.001751343
2009/3/11,4.001751343
2009/3/12,4.001751343
2009/3/13,4.001751343
2009/3/14,4.001751343
2009/3/15,4.001751343
2009/3/16,4.001751343
2009/3/17,4.001751343
2009/3/18,4.001751343
2009/3/19,4.001751343
2009/3/20,4.001751343
2009/3/21,4.001751343
2009/3/22,4.001751343
2009/3/23,4.001751343
2009/3/24,4.001751343
2009/3/25,4.001751343
2009/3/26,4.001751343
2009/3/27,4.001751343
2009/3/28,4.001751343
2009/3/29,4.001751343
2009/3/30,4.001751343
2009/3/31,4.001751343
2009/4/1,16.54057222
2009/4/2,16.54057222
2009/4/3,16.54057222
2009/4/4,16.54057222
2009/4/5,16.54057222
2009/4/6,16.54057222
2009/4/7,16.54057222
2009/4/8,16.54057222
2009/4/9,16.54057222
2009/4/10,16.54057222
2009/4/11,16.54057222
2009/4/12,16.54057222
2009/4/13,16.54057222
2009/4/14,16.54057222
2009/4/15,16.54057222
2009/4/16,16.54057222
2009/4/17,16.54057222
2009/4/18,16.54057222
2009/4/19,16.54057222
2009/4/20,16.54057222
2009/4/21,16.54057222
2009/4/22,16.54057222
2009/4/23,16.54057222
2009/4/24,16.54057222
2009/4/25,16.54057222
2009/4/26,16.54057222
2009/4/27,16.54057222
2009/4/28,16.54057222
2009/4/29,16.54057222
2009/4/30,16.54057222
2009/5/1,16.1
2009/5/2,16.5
2009/5/3,17.7
2009/5/4,17
2009/5/5,19.8
2009/5/6,23.8
2009/5/7,19.3
2009/5/8,18.8
2009/5/9,20.1
2009/5/10,18.4
2009/5/11,16.4
2009/5/12,15.6
2009/5/13,16.5
2009/5/14,15.8
2009/5/15,15.1
2009/5/16,15.2
2009/5/17,14.4
2009/5/18,13.9
2009/5/19,13.8
2009/5/20,13
2009/5/21,13.3
2009/5/22,13.4
2009/5/23,14.6
2009/5/24,15
2009/5/25,15.6
2009/5/26,21.8
2009/5/27,38
2009/5/28,42
2009/5/29,35.1
2009/5/30,30.1
2009/5/31,29.7
2009/6/1,26.9
2009/6/2,28.1
2009/6/3,28.7
2009/6/4,32.2
2009/6/5,49.2
2009/6/6,76.5
2009/6/7,110
2009/6/8,203
2009/6/9,202
2009/6/10,180
2009/6/11,169
2009/6/12,140
2009/6/13,147
2009/6/14,166
2009/6/15,213
2009/6/16,235
2009/6/17,197
2009/6/18,146
2009/6/19,121
2009/6/20,98.6
2009/6/21,82.8
2009/6/22,85
2009/6/23,84.1
2009/6/24,86.6
2009/6/25,104
2009/6/26,95.2
2009/6/27,102
2009/6/28,104
2009/6/29,134
2009/6/30,157
2009/7/1,165
2009/7/2,226
2009/7/3,242
2009/7/4,199
2009/7/5,142
2009/7/6,115
2009/7/7,97.1
2009/7/8,98.3
2009/7/9,113
2009/7/10,141
2009/7/11,182
2009/7/12,183
2009/7/13,159
2009/7/14,153
2009/7/15,160
2009/7/16,169
2009/7/17,141
2009/7/18,137
2009/7/19,151
2009/7/20,209
2009/7/21,250
2009/7/22,249
2009/7/23,237
2009/7/24,303
2009/7/25,288
2009/7/26,248
2009/7/27,213
2009/7/28,154
2009/7/29,125
2009/7/30,119
2009/7/31,130
2009/8/1,147
2009/8/2,200
2009/8/3,224
2009/8/4,217
2009/8/5,209
2009/8/6,178
2009/8/7,216
2009/8/8,218
2009/8/9,185
2009/8/10,180
2009/8/11,163
2009/8/12,189
2009/8/13,188
2009/8/14,165
2009/8/15,116
2009/8/16,99.5
2009/8/17,97.1
2009/8/18,91.7
2009/8/19,92.3
2009/8/20,92.4
2009/8/21,96.6
2009/8/22,131
2009/8/23,134
2009/8/24,187
2009/8/25,204
2009/8/26,192
2009/8/27,158
2009/8/28,145
2009/8/29,150
2009/8/30,128
2009/8/31,103
2009/9/1,99.5
2009/9/2,111
2009/9/3,137
2009/9/4,173
2009/9/5,174
2009/9/6,167
2009/9/7,205
2009/9/8,222
2009/9/9,190
2009/9/10,205
2009/9/11,204
2009/9/12,195
2009/9/13,206
2009/9/14,216
2009/9/15,222
2009/9/16,219
2009/9/17,218
2009/9/18,195
2009/9/19,169
2009/9/20,152
2009/9/21,136
2009/9/22,110
2009/9/23,107
2009/9/24,107
2009/9/25,110
2009/9/26,107
2009/9/27,99.7
2009/9/28,91.2
2009/9/29,82.9
2009/9/30,75.8
2009/10/1,76.8
2009/10/2,72.9
2009/10/3,76.6
2009/10/4,80.6
2009/10/5,83.4
2009/10/6,93.5
2009/10/7,113
2009/10/8,151
2009/10/9,149
2009/10/10,110
2009/10/11,88.8
2009/10/12,78.3
2009/10/13,72.8
2009/10/14,74.1
2009/10/15,73.8
2009/10/16,72.2
2009/10/17,67.7
2009/10/18,69.5
2009/10/19,69.6
2009/10/20,68.4
2009/10/21,68.1
2009/10/22,68
2009/10/23,69.4
2009/10/24,72.1
2009/10/25,71.1
2009/10/26,71.5
2009/10/27,69.5
2009/10/28,71.2
2009/10/29,67.2
2009/10/30,67.4
2009/10/31,62.7
2009/11/1,4.135143054
2009/11/2,4.135143054
2009/11/3,4.135143054
2009/11/4,4.135143054
2009/11/5,4.135143054
2009/11/6,4.135143054
2009/11/7,4.135143054
2009/11/8,4.135143054
2009/11/9,4.135143054
2009/11/10,4.135143054
2009/11/11,4.135143054
2009/11/12,4.135143054
2009/11/13,4.135143054
2009/11/14,4.135143054
2009/11/15,4.135143054
2009/11/16,4.135143054
2009/11/17,4.135143054
2009/11/18,4.135143054
2009/11/19,4.135143054
2009/11/20,4.135143054
2009/11/21,4.135143054
2009/11/22,4.135143054
2009/11/23,4.135143054
2009/11/24,4.135143054
2009/11/25,4.135143054
2009/11/26,4.135143054
2009/11/27,4.135143054
2009/11/28,4.135143054
2009/11/29,4.135143054
2009/11/30,4.135143054
2009/12/1,0
2009/12/2,0
2009/12/3,0
2009/12/4,0
2009/12/5,0
2009/12/6,0
2009/12/7,0
2009/12/8,0
2009/12/9,0
2009/12/10,0
2009/12/11,0
2009/12/12,0
2009/12/13,0
2009/12/14,0
2009/12/15,0
2009/12/16,0
2009/12/17,0
2009/12/18,0
2009/12/19,0
2009/12/20,0
2009/12/21,0
2009/12/22,0
2009/12/23,0
2009/12/24,0
2009/12/25,0
2009/12/26,0
2009/12/27,0
2009/12/28,0
2009/12/29,0
2009/12/30,0
2009/12/31,0
2010/1/1,0
2010/1/2,0
2010/1/3,0
2010/1/4,0
2010/1/5,0
2010/1/6,0
2010/1/7,0
2010/1/8,0
2010/1/9,0
2010/1/10,0
2010/1/11,0
2010/1/12,0
2010/1/13,0
2010/1/14,0
2010/1/15,0
2010/1/16,0
2010/1/17,0
2010/1/18,0
2010/1/19,0
2010/1/20,0
2010/1/21,0
2010/1/22,0
2010/1/23,0
2010/1/24,0
2010/1/25,0
2010/1/26,0
2010/1/27,0
2010/1/28,0
2010/1/29,0
2010/1/30,0
2010/1/31,0
2010/2/1,0
2010/2/2,0
2010/2/3,0
2010/2/4,0
2010/2/5,0
2010/2/6,0
2010/2/7,0
2010/2/8,0
2010/2/9,0
2010/2/10,0
2010/2/11,0
2010/2/12,0
2010/2/13,0
2010/2/14,0
2010/2/15,0
2010/2/16,0
2010/2/17,0
2010/2/18,0
2010/2/19,0
2010/2/20,0
2010/2/21,0
2010/2/22,0
2010/2/23,0
2010/2/24,0
2010/2/25,0
2010/2/26,0
2010/2/27,0
2010/2/28,0
2010/3/1,3.442779464
2010/3/2,3.442779464
2010/3/3,3.442779464
2010/3/4,3.442779464
2010/3/5,3.442779464
2010/3/6,3.442779464
2010/3/7,3.442779464
2010/3/8,3.442779464
2010/3/9,3.442779464
2010/3/10,3.442779464
2010/3/11,3.442779464
2010/3/12,3.442779464
2010/3/13,3.442779464
2010/3/14,3.442779464
2010/3/15,3.442779464
2010/3/16,3.442779464
2010/3/17,3.442779464
2010/3/18,3.442779464
2010/3/19,3.442779464
2010/3/20,3.442779464
2010/3/21,3.442779464
2010/3/22,3.442779464
2010/3/23,3.442779464
2010/3/24,3.442779464
2010/3/25,3.442779464
2010/3/26,3.442779464
2010/3/27,3.442779464
2010/3/28,3.442779464
2010/3/29,3.442779464
2010/3/30,3.442779464
2010/3/31,3.442779464
2010/4/1,14.23015512
2010/4/2,14.23015512
2010/4/3,14.23015512
2010/4/4,14.23015512
2010/4/5,14.23015512
2010/4/6,14.23015512
2010/4/7,14.23015512
2010/4/8,14.23015512
2010/4/9,14.23015512
2010/4/10,14.23015512
2010/4/11,14.23015512
2010/4/12,14.23015512
2010/4/13,14.23015512
2010/4/14,14.23015512
2010/4/15,14.23015512
2010/4/16,14.23015512
2010/4/17,14.23015512
2010/4/18,14.23015512
2010/4/19,14.23015512
2010/4/20,14.23015512
2010/4/21,14.23015512
2010/4/22,14.23015512
2010/4/23,14.23015512
2010/4/24,14.23015512
2010/4/25,14.23015512
2010/4/26,14.23015512
2010/4/27,14.23015512
2010/4/28,14.23015512
2010/4/29,14.23015512
2010/4/30,14.23015512
2010/5/1,38
2010/5/2,39.2
2010/5/3,40.5
2010/5/4,38.4
2010/5/5,37.8
2010/5/6,38.7
2010/5/7,38.8
2010/5/8,41.8
2010/5/9,42.8
2010/5/10,43.6
2010/5/11,43.4
2010/5/12,35.6
2010/5/13,33.9
2010/5/14,31.9
2010/5/15,39.8
2010/5/16,30.6
2010/5/17,30.2
2010/5/18,28.9
2010/5/19,27.9
2010/5/20,27.7
2010/5/21,29.6
2010/5/22,28.2
2010/5/23,22.3
2010/5/24,22.6
2010/5/25,23.6
2010/5/26,22.6
2010/5/27,21.3
2010/5/28,19.9
2010/5/29,18.5
2010/5/30,19
2010/5/31,19.3
2010/6/1,20.9
2010/6/2,22.2
2010/6/3,21.2
2010/6/4,21.7
2010/6/5,21.9
2010/6/6,22.3
2010/6/7,23
2010/6/8,23.4
2010/6/9,22.1
2010/6/10,21.2
2010/6/11,23.9
2010/6/12,27.1
2010/6/13,30
2010/6/14,29.8
2010/6/15,32.6
2010/6/16,33.8
2010/6/17,34
2010/6/18,27.4
2010/6/19,31
2010/6/20,46.2
2010/6/21,40.1
2010/6/22,37.9
2010/6/23,42.8
2010/6/24,47
2010/6/25,49.1
2010/6/26,56.4
2010/6/27,62.1
2010/6/28,60.9
2010/6/29,72.7
2010/6/30,76.2
2010/7/1,96.4
2010/7/2,91.5
2010/7/3,98.4
2010/7/4,93.6
2010/7/5,98.8
2010/7/6,144
2010/7/7,111
2010/7/8,90.3
2010/7/9,132
2010/7/10,165
2010/7/11,148
2010/7/12,142
2010/7/13,127
2010/7/14,116
2010/7/15,143
2010/7/16,174
2010/7/17,192
2010/7/18,208
2010/7/19,207
2010/7/20,138
2010/7/21,127
2010/7/22,156
2010/7/23,174
2010/7/24,168
2010/7/25,159
2010/7/26,154
2010/7/27,185
2010/7/28,163
2010/7/29,161
2010/7/30,174
2010/7/31,165
2010/8/1,166
2010/8/2,163
2010/8/3,161
2010/8/4,159
2010/8/5,182
2010/8/6,172
2010/8/7,144
2010/8/8,151
2010/8/9,156
2010/8/10,185
2010/8/11,260
2010/8/12,317
2010/8/13,308
2010/8/14,384
2010/8/15,345
2010/8/16,247
2010/8/17,245
2010/8/18,285
2010/8/19,288
2010/8/20,249
2010/8/21,238
2010/8/22,292
2010/8/23,286
2010/8/24,228
2010/8/25,221
2010/8/26,260
2010/8/27,278
2010/8/28,209
2010/8/29,200
2010/8/30,259
2010/8/31,283
2010/9/1,207
2010/9/2,173
2010/9/3,146
2010/9/4,124
2010/9/5,144
2010/9/6,128
2010/9/7,93.2
2010/9/8,76.6
2010/9/9,72.5
2010/9/10,82.2
2010/9/11,79.8
2010/9/12,73.8
2010/9/13,69
2010/9/14,66
2010/9/15,75.3
2010/9/16,81.9
2010/9/17,83.7
2010/9/18,86.1
2010/9/19,91
2010/9/20,83.6
2010/9/21,85.2
2010/9/22,100
2010/9/23,127
2010/9/24,120
2010/9/25,152
2010/9/26,173
2010/9/27,153
2010/9/28,115
2010/9/29,109
2010/9/30,100
2010/10/1,87.5
2010/10/2,79.4
2010/10/3,81.2
2010/10/4,83.4
2010/10/5,79.5
2010/10/6,73.3
2010/10/7,66.2
2010/10/8,62.5
2010/10/9,62.5
2010/10/10,62.7
2010/10/11,59.1
2010/10/12,51.7
2010/10/13,52.5
2010/10/14,53.7
2010/10/15,54.6
2010/10/16,53.8
2010/10/17,45.3
2010/10/18,41.6
2010/10/19,40.5
2010/10/20,42.9
2010/10/21,42.4
2010/10/22,41.2
2010/10/23,41.8
2010/10/24,37.6
2010/10/25,35
2010/10/26,31.7
2010/10/27,32.6
2010/10/28,33.1
2010/10/29,25.2
2010/10/30,28.4
2010/10/31,30.3
2010/11/1,3.55753878
2010/11/2,3.55753878
2010/11/3,3.55753878
2010/11/4,3.55753878
2010/11/5,3.55753878
2010/11/6,3.55753878
2010/11/7,3.55753878
2010/11/8,3.55753878
2010/11/9,3.55753878
2010/11/10,3.55753878
2010/11/11,3.55753878
2010/11/12,3.55753878
2010/11/13,3.55753878
2010/11/14,3.55753878
2010/11/15,3.55753878
2010/11/16,3.55753878
2010/11/17,3.55753878
2010/11/18,3.55753878
2010/11/19,3.55753878
2010/11/20,3.55753878
2010/11/21,3.55753878
2010/11/22,3.55753878
2010/11/23,3.55753878
2010/11/24,3.55753878
2010/11/25,3.55753878
2010/11/26,3.55753878
2010/11/27,3.55753878
2010/11/28,3.55753878
2010/11/29,3.55753878
2010/11/30,3.55753878
2010/12/1,0
2010/12/2,0
2010/12/3,0
2010/12/4,0
2010/12/5,0
2010/12/6,0
2010/12/7,0
2010/12/8,0
2010/12/9,0
2010/12/10,0
2010/12/11,0
2010/12/12,0
2010/12/13,0
2010/12/14,0
2010/12/15,0
2010/12/16,0
2010/12/17,0
2010/12/18,0
2010/12/19,0
2010/12/20,0
2010/12/21,0
2010/12/22,0
2010/12/23,0
2010/12/24,0
2010/12/25,0
2010/12/26,0
2010/12/27,0
2010/12/28,0
2010/12/29,0
2010/12/30,0
2010/12/31,0
2011/1/1,0
2011/1/2,0
2011/1/3,0
2011/1/4,0
2011/1/5,0
2011/1/6,0
2011/1/7,0
2011/1/8,0
2011/1/9,0
2011/1/10,0
2011/1/11,0
2011/1/12,0
2011/1/13,0
2011/1/14,0
2011/1/15,0
2011/1/16,0
2011/1/17,0
2011/1/18,0
2011/1/19,0
2011/1/20,0
2011/1/21,0
2011/1/22,0
2011/1/23,0
2011/1/24,0
2011/1/25,0
2011/1/26,0
2011/1/27,0
2011/1/28,0
2011/1/29,0
2011/1/30,0
2011/1/31,0
2011/2/1,0
2011/2/2,0
2011/2/3,0
2011/2/4,0
2011/2/5,0
2011/2/6,0
2011/2/7,0
2011/2/8,0
2011/2/9,0
2011/2/10,0
2011/2/11,0
2011/2/12,0
2011/2/13,0
2011/2/14,0
2011/2/15,0
2011/2/16,0
2011/2/17,0
2011/2/18,0
2011/2/19,0
2011/2/20,0
2011/2/21,0
2011/2/22,0
2011/2/23,0
2011/2/24,0
2011/2/25,0
2011/2/26,0
2011/2/27,0
2011/2/28,0
2011/3/1,3.432486573
2011/3/2,3.432486573
2011/3/3,3.432486573
2011/3/4,3.432486573
2011/3/5,3.432486573
2011/3/6,3.432486573
2011/3/7,3.432486573
2011/3/8,3.432486573
2011/3/9,3.432486573
2011/3/10,3.432486573
2011/3/11,3.432486573
2011/3/12,3.432486573
2011/3/13,3.432486573
2011/3/14,3.432486573
2011/3/15,3.432486573
2011/3/16,3.432486573
2011/3/17,3.432486573
2011/3/18,3.432486573
2011/3/19,3.432486573
2011/3/20,3.432486573
2011/3/21,3.432486573
2011/3/22,3.432486573
2011/3/23,3.432486573
2011/3/24,3.432486573
2011/3/25,3.432486573
2011/3/26,3.432486573
2011/3/27,3.432486573
2011/3/28,3.432486573
2011/3/29,3.432486573
2011/3/30,3.432486573
2011/3/31,3.432486573
2011/4/1,14.18761117
2011/4/2,14.18761117
2011/4/3,14.18761117
2011/4/4,14.18761117
2011/4/5,14.18761117
2011/4/6,14.18761117
2011/4/7,14.18761117
2011/4/8,14.18761117
2011/4/9,14.18761117
2011/4/10,14.18761117
2011/4/11,14.18761117
2011/4/12,14.18761117
2011/4/13,14.18761117
2011/4/14,14.18761117
2011/4/15,14.18761117
2011/4/16,14.18761117
2011/4/17,14.18761117
2011/4/18,14.18761117
2011/4/19,14.18761117
2011/4/20,14.18761117
2011/4/21,14.18761117
2011/4/22,14.18761117
2011/4/23,14.18761117
2011/4/24,14.18761117
2011/4/25,14.18761117
2011/4/26,14.18761117
2011/4/27,14.18761117
2011/4/28,14.18761117
2011/4/29,14.18761117
2011/4/30,14.18761117
2011/5/1,53.4
2011/5/2,51.4
2011/5/3,45.2
2011/5/4,44
2011/5/5,45.9
2011/5/6,44
2011/5/7,47.2
2011/5/8,47.2
2011/5/9,45.6
2011/5/10,47
2011/5/11,49.8
2011/5/12,40.4
2011/5/13,39.2
2011/5/14,48.6
2011/5/15,47.6
2011/5/16,43
2011/5/17,42
2011/5/18,45
2011/5/19,47.7
2011/5/20,43
2011/5/21,37
2011/5/22,33.8
2011/5/23,35.5
2011/5/24,39.5
2011/5/25,38.8
2011/5/26,34.3
2011/5/27,30.7
2011/5/28,33
2011/5/29,37.8
2011/5/30,45.2
2011/5/31,57
2011/6/1,60.3
2011/6/2,66.6
2011/6/3,94.8
2011/6/4,113
2011/6/5,102
2011/6/6,79.2
2011/6/7,81.2
2011/6/8,79.2
2011/6/9,68.2
2011/6/10,62.7
2011/6/11,48.5
2011/6/12,45.1
2011/6/13,49.4
2011/6/14,77.2
2011/6/15,134
2011/6/16,146
2011/6/17,138
2011/6/18,108
2011/6/19,99.5
2011/6/20,138
2011/6/21,210
2011/6/22,262
2011/6/23,204
2011/6/24,138
2011/6/25,130
2011/6/26,138
2011/6/27,131
2011/6/28,93.8
2011/6/29,77.2
2011/6/30,71.8
2011/7/1,85.3
2011/7/2,125
2011/7/3,191
2011/7/4,221
2011/7/5,212
2011/7/6,223
2011/7/7,187
2011/7/8,150
2011/7/9,140
2011/7/10,184
2011/7/11,260
2011/7/12,363
2011/7/13,391
2011/7/14,358
2011/7/15,218
2011/7/16,160
2011/7/17,136
2011/7/18,140
2011/7/19,178
2011/7/20,182
2011/7/21,182
2011/7/22,188
2011/7/23,240
2011/7/24,216
2011/7/25,276
2011/7/26,154
2011/7/27,167
2011/7/28,169
2011/7/29,154
2011/7/30,158
2011/7/31,156
2011/8/1,172
2011/8/2,149
2011/8/3,236
2011/8/4,217
2011/8/5,201
2011/8/6,136
2011/8/7,104
2011/8/8,86
2011/8/9,78.6
2011/8/10,75.5
2011/8/11,77.6
2011/8/12,79.3
2011/8/13,85
2011/8/14,98.7
2011/8/15,104
2011/8/16,98.5
2011/8/17,119
2011/8/18,170
2011/8/19,197
2011/8/20,196
2011/8/21,192
2011/8/22,237
2011/8/23,226
2011/8/24,180
2011/8/25,147
2011/8/26,111
2011/8/27,99.8
2011/8/28,97.3
2011/8/29,99.9
2011/8/30,94.3
2011/8/31,107
2011/9/1,122
2011/9/2,150
2011/9/3,145
2011/9/4,127
2011/9/5,132
2011/9/6,152
2011/9/7,126
2011/9/8,99.6
2011/9/9,70.2
2011/9/10,61.7
2011/9/11,65.3
2011/9/12,69.1
2011/9/13,72.9
2011/9/14,73.7
2011/9/15,68.9
2011/9/16,75.6
2011/9/17,87.9
2011/9/18,124
2011/9/19,111
2011/9/20,89.9
2011/9/21,80.3
2011/9/22,66.9
2011/9/23,62.2
2011/9/24,60
2011/9/25,57.3
2011/9/26,55.9
2011/9/27,52.4
2011/9/28,51.7
2011/9/29,52.3
2011/9/30,58.7
2011/10/1,63.1
2011/10/2,59
2011/10/3,53.1
2011/10/4,52.4
2011/10/5,50.7
2011/10/6,50.1
2011/10/7,48.7
2011/10/8,42.7
2011/10/9,40.2
2011/10/10,40.8
2011/10/11,39
2011/10/12,34.4
2011/10/13,28.1
2011/10/14,29.3
2011/10/15,29.3
2011/10/16,29
2011/10/17,30.5
2011/10/18,28.2
2011/10/19,28.6
2011/10/20,25.7
2011/10/21,25.8
2011/10/22,24.1
2011/10/23,22
2011/10/24,22.7
2011/10/25,23.7
2011/10/26,22.5
2011/10/27,22.7
2011/10/28,24
2011/10/29,23.6
2011/10/30,25.5
2011/10/31,25
2011/11/1,3.546902792
2011/11/2,3.546902792
2011/11/3,3.546902792
2011/11/4,3.546902792
2011/11/5,3.546902792
2011/11/6,3.546902792
2011/11/7,3.546902792
2011/11/8,3.546902792
2011/11/9,3.546902792
2011/11/10,3.546902792
2011/11/11,3.546902792
2011/11/12,3.546902792
2011/11/13,3.546902792
2011/11/14,3.546902792
2011/11/15,3.546902792
2011/11/16,3.546902792
2011/11/17,3.546902792
2011/11/18,3.546902792
2011/11/19,3.546902792
2011/11/20,3.546902792
2011/11/21,3.546902792
2011/11/22,3.546902792
2011/11/23,3.546902792
2011/11/24,3.546902792
2011/11/25,3.546902792
2011/11/26,3.546902792
2011/11/27,3.546902792
2011/11/28,3.546902792
2011/11/29,3.546902792
2011/11/30,3.546902792
2011/12/1,0
2011/12/2,0
2011/12/3,0
2011/12/4,0
2011/12/5,0
2011/12/6,0
2011/12/7,0
2011/12/8,0
2011/12/9,0
2011/12/10,0
2011/12/11,0
2011/12/12,0
2011/12/13,0
2011/12/14,0
2011/12/15,0
2011/12/16,0
2011/12/17,0
2011/12/18,0
2011/12/19,0
2011/12/20,0
2011/12/21,0
2011/12/22,0
2011/12/23,0
2011/12/24,0
2011/12/25,0
2011/12/26,0
2011/12/27,0
2011/12/28,0
2011/12/29,0
2011/12/30,0
2011/12/31,0
2012/1/1,0
2012/1/2,0
2012/1/3,0
2012/1/4,0
2012/1/5,0
2012/1/6,0
2012/1/7,0
2012/1/8,0
2012/1/9,0
2012/1/10,0
2012/1/11,0
2012/1/12,0
2012/1/13,0
2012/1/14,0
2012/1/15,0
2012/1/16,0
2012/1/17,0
2012/1/18,0
2012/1/19,0
2012/1/20,0
2012/1/21,0
2012/1/22,0
2012/1/23,0
2012/1/24,0
2012/1/25,0
2012/1/26,0
2012/1/27,0
2012/1/28,0
2012/1/29,0
2012/1/30,0
2012/1/31,0
2012/2/1,0
2012/2/2,0
2012/2/3,0
2012/2/4,0
2012/2/5,0
2012/2/6,0
2012/2/7,0
2012/2/8,0
2012/2/9,0
2012/2/10,0
2012/2/11,0
2012/2/12,0
2012/2/13,0
2012/2/14,0
2012/2/15,0
2012/2/16,0
2012/2/17,0
2012/2/18,0
2012/2/19,0
2012/2/20,0
2012/2/21,0
2012/2/22,0
2012/2/23,0
2012/2/24,0
2012/2/25,0
2012/2/26,0
2012/2/27,0
2012/2/28,0
2012/2/29,0
2012/3/1,4.16130033
2012/3/2,4.16130033
2012/3/3,4.16130033
2012/3/4,4.16130033
2012/3/5,4.16130033
2012/3/6,4.16130033
2012/3/7,4.16130033
2012/3/8,4.16130033
2012/3/9,4.16130033
2012/3/10,4.16130033
2012/3/11,4.16130033
2012/3/12,4.16130033
2012/3/13,4.16130033
2012/3/14,4.16130033
2012/3/15,4.16130033
2012/3/16,4.16130033
2012/3/17,4.16130033
2012/3/18,4.16130033
2012/3/19,4.16130033
2012/3/20,4.16130033
2012/3/21,4.16130033
2012/3/22,4.16130033
2012/3/23,4.16130033
2012/3/24,4.16130033
2012/3/25,4.16130033
2012/3/26,4.16130033
2012/3/27,4.16130033
2012/3/28,4.16130033
2012/3/29,4.16130033
2012/3/30,4.16130033
2012/3/31,4.16130033
2012/4/1,17.20004137
2012/4/2,17.20004137
2012/4/3,17.20004137
2012/4/4,17.20004137
2012/4/5,17.20004137
2012/4/6,17.20004137
2012/4/7,17.20004137
2012/4/8,17.20004137
2012/4/9,17.20004137
2012/4/10,17.20004137
2012/4/11,17.20004137
2012/4/12,17.20004137
2012/4/13,17.20004137
2012/4/14,17.20004137
2012/4/15,17.20004137
2012/4/16,17.20004137
2012/4/17,17.20004137
2012/4/18,17.20004137
2012/4/19,17.20004137
2012/4/20,17.20004137
2012/4/21,17.20004137
2012/4/22,17.20004137
2012/4/23,17.20004137
2012/4/24,17.20004137
2012/4/25,17.20004137
2012/4/26,17.20004137
2012/4/27,17.20004137
2012/4/28,17.20004137
2012/4/29,17.20004137
2012/4/30,17.20004137
2012/5/1,30.7
2012/5/2,29.9
2012/5/3,26.4
2012/5/4,26.1
2012/5/5,25.5
2012/5/6,25.6
2012/5/7,26.1
2012/5/8,28.2
2012/5/9,28.5
2012/5/10,33.2
2012/5/11,31.8
2012/5/12,30.2
2012/5/13,30.4
2012/5/14,31
2012/5/15,30.5
2012/5/16,38.3
2012/5/17,39
2012/5/18,38.8
2012/5/19,41.2
2012/5/20,41.5
2012/5/21,42.1
2012/5/22,59.5
2012/5/23,34.5
2012/5/24,62.5
2012/5/25,57.6
2012/5/26,57.2
2012/5/27,60.2
2012/5/28,60.8
2012/5/29,71.4
2012/5/30,68
2012/5/31,72.1
2012/6/1,75.4
2012/6/2,72.6
2012/6/3,72.5
2012/6/4,69.6
2012/6/5,63.4
2012/6/6,59.4
2012/6/7,51.8
2012/6/8,49.8
2012/6/9,49.9
2012/6/10,50.5
2012/6/11,52.6
2012/6/12,51.5
2012/6/13,58.4
2012/6/14,53.2
2012/6/15,58.6
2012/6/16,64.5
2012/6/17,69.8
2012/6/18,64.9
2012/6/19,62
2012/6/20,72.2
2012/6/21,90.2
2012/6/22,103
2012/6/23,99.5
2012/6/24,96.6
2012/6/25,116
2012/6/26,148
2012/6/27,156
2012/6/28,216
2012/6/29,195
2012/6/30,174
2012/7/1,147
2012/7/2,121
2012/7/3,131
2012/7/4,143
2012/7/5,129
2012/7/6,115
2012/7/7,164
2012/7/8,129
2012/7/9,127
2012/7/10,128
2012/7/11,135
2012/7/12,136
2012/7/13,127
2012/7/14,120
2012/7/15,146
2012/7/16,197
2012/7/17,136
2012/7/18,205
2012/7/19,214
2012/7/20,159
2012/7/21,157
2012/7/22,200
2012/7/23,224
2012/7/24,200
2012/7/25,180
2012/7/26,198
2012/7/27,198
2012/7/28,212
2012/7/29,234
2012/7/30,296
2012/7/31,388
2012/8/1,464
2012/8/2,269
2012/8/3,175
2012/8/4,177
2012/8/5,283
2012/8/6,311
2012/8/7,339
2012/8/8,437
2012/8/9,488
2012/8/10,473
2012/8/11,401
2012/8/12,337
2012/8/13,367
2012/8/14,397
2012/8/15,431
2012/8/16,360
2012/8/17,363
2012/8/18,404
2012/8/19,364
2012/8/20,276
2012/8/21,285
2012/8/22,290
2012/8/23,250
2012/8/24,209
2012/8/25,167
2012/8/26,144
2012/8/27,139
2012/8/28,158
2012/8/29,160
2012/8/30,170
2012/8/31,216
2012/9/1,231
2012/9/2,220
2012/9/3,158
2012/9/4,121
2012/9/5,107
2012/9/6,87.3
2012/9/7,87.2
2012/9/8,91.4
2012/9/9,99.4
2012/9/10,104
2012/9/11,128
2012/9/12,113
2012/9/13,104
2012/9/14,118
2012/9/15,122
2012/9/16,122
2012/9/17,112
2012/9/18,115
2012/9/19,128
2012/9/20,139
2012/9/21,132
2012/9/22,122
2012/9/23,98.5
2012/9/24,68.1
2012/9/25,56.9
2012/9/26,53.9
2012/9/27,53.2
2012/9/28,49.5
2012/9/29,46.4
2012/9/30,44.3
2012/10/1,37.6
2012/10/2,36.8
2012/10/3,35
2012/10/4,35.3
2012/10/5,37.2
2012/10/6,37.8
2012/10/7,38
2012/10/8,37.5
2012/10/9,39.2
2012/10/10,39.7
2012/10/11,33.8
2012/10/12,23.7
2012/10/13,23.6
2012/10/14,23.8
2012/10/15,23.5
2012/10/16,22.8
2012/10/17,22.6
2012/10/18,22.6
2012/10/19,22.4
2012/10/20,22.4
2012/10/21,21.7
2012/10/22,21.5
2012/10/23,21.5
2012/10/24,21.5
2012/10/25,21.9
2012/10/26,21.7
2012/10/27,21.5
2012/10/28,21.5
2012/10/29,21.5
2012/10/30,21.6
2012/10/31,21.6
2012/11/1,4.300010341
2012/11/2,4.300010341
2012/11/3,4.300010341
2012/11/4,4.300010341
2012/11/5,4.300010341
2012/11/6,4.300010341
2012/11/7,4.300010341
2012/11/8,4.300010341
2012/11/9,4.300010341
2012/11/10,4.300010341
2012/11/11,4.300010341
2012/11/12,4.300010341
2012/11/13,4.300010341
2012/11/14,4.300010341
2012/11/15,4.300010341
2012/11/16,4.300010341
2012/11/17,4.300010341
2012/11/18,4.300010341
2012/11/19,4.300010341
2012/11/20,4.300010341
2012/11/21,4.300010341
2012/11/22,4.300010341
2012/11/23,4.300010341
2012/11/24,4.300010341
2012/11/25,4.300010341
2012/11/26,4.300010341
2012/11/27,4.300010341
2012/11/28,4.300010341
2012/11/29,4.300010341
2012/11/30,4.300010341
2012/12/1,0
2012/12/2,0
2012/12/3,0
2012/12/4,0
2012/12/5,0
2012/12/6,0
2012/12/7,0
2012/12/8,0
2012/12/9,0
2012/12/10,0
2012/12/11,0
2012/12/12,0
2012/12/13,0
2012/12/14,0
2012/12/15,0
2012/12/16,0
2012/12/17,0
2012/12/18,0
2012/12/19,0
2012/12/20,0
2012/12/21,0
2012/12/22,0
2012/12/23,0
2012/12/24,0
2012/12/25,0
2012/12/26,0
2012/12/27,0
2012/12/28,0
2012/12/29,0
2012/12/30,0
2012/12/31,0
2013/1/1,0
2013/1/2,0
2013/1/3,0
2013/1/4,0
2013/1/5,0
2013/1/6,0
2013/1/7,0
2013/1/8,0
2013/1/9,0
2013/1/10,0
2013/1/11,0
2013/1/12,0
2013/1/13,0
2013/1/14,0
2013/1/15,0
2013/1/16,0
2013/1/17,0
2013/1/18,0
2013/1/19,0
2013/1/20,0
2013/1/21,0
2013/1/22,0
2013/1/23,0
2013/1/24,0
2013/1/25,0
2013/1/26,0
2013/1/27,0
2013/1/28,0
2013/1/29,0
2013/1/30,0
2013/1/31,0
2013/2/1,0
2013/2/2,0
2013/2/3,0
2013/2/4,0
2013/2/5,0
2013/2/6,0
2013/2/7,0
2013/2/8,0
2013/2/9,0
2013/2/10,0
2013/2/11,0
2013/2/12,0
2013/2/13,0
2013/2/14,0
2013/2/15,0
2013/2/16,0
2013/2/17,0
2013/2/18,0
2013/2/19,0
2013/2/20,0
2013/2/21,0
2013/2/22,0
2013/2/23,0
2013/2/24,0
2013/2/25,0
2013/2/26,0
2013/2/27,0
2013/2/28,0
2013/3/1,1.723444641
2013/3/2,1.723444641
2013/3/3,1.723444641
2013/3/4,1.723444641
2013/3/5,1.723444641
2013/3/6,1.723444641
2013/3/7,1.723444641
2013/3/8,1.723444641
2013/3/9,1.723444641
2013/3/10,1.723444641
2013/3/11,1.723444641
2013/3/12,1.723444641
2013/3/13,1.723444641
2013/3/14,1.723444641
2013/3/15,1.723444641
2013/3/16,1.723444641
2013/3/17,1.723444641
2013/3/18,1.723444641
2013/3/19,1.723444641
2013/3/20,1.723444641
2013/3/21,1.723444641
2013/3/22,1.723444641
2013/3/23,1.723444641
2013/3/24,1.723444641
2013/3/25,1.723444641
2013/3/26,1.723444641
2013/3/27,1.723444641
2013/3/28,1.723444641
2013/3/29,1.723444641
2013/3/30,1.723444641
2013/3/31,1.723444641
2013/4/1,7.123571182
2013/4/2,7.123571182
2013/4/3,7.123571182
2013/4/4,7.123571182
2013/4/5,7.123571182
2013/4/6,7.123571182
2013/4/7,7.123571182
2013/4/8,7.123571182
2013/4/9,7.123571182
2013/4/10,7.123571182
2013/4/11,7.123571182
2013/4/12,7.123571182
2013/4/13,7.123571182
2013/4/14,7.123571182
2013/4/15,7.123571182
2013/4/16,7.123571182
2013/4/17,7.123571182
2013/4/18,7.123571182
2013/4/19,7.123571182
2013/4/20,7.123571182
2013/4/21,7.123571182
2013/4/22,7.123571182
2013/4/23,7.123571182
2013/4/24,7.123571182
2013/4/25,7.123571182
2013/4/26,7.123571182
2013/4/27,7.123571182
2013/4/28,7.123571182
2013/4/29,7.123571182
2013/4/30,7.123571182
2013/5/1,23.1
2013/5/2,23.3
2013/5/3,22.4
2013/5/4,22.6
2013/5/5,23.5
2013/5/6,25.5
2013/5/7,28.2
2013/5/8,29.5
2013/5/9,29.1
2013/5/10,28.1
2013/5/11,27
2013/5/12,27.8
2013/5/13,30.6
2013/5/14,33.2
2013/5/15,33.5
2013/5/16,32.9
2013/5/17,33
2013/5/18,31.7
2013/5/19,31.7
2013/5/20,28.6
2013/5/21,21.8
2013/5/22,24.5
2013/5/23,26
2013/5/24,28
2013/5/25,30.1
2013/5/26,31.5
2013/5/27,33.2
2013/5/28,35.6
2013/5/29,42.6
2013/5/30,45.7
2013/5/31,45.6
2013/6/1,46.9
2013/6/2,42.1
2013/6/3,36.8
2013/6/4,37.1
2013/6/5,39.4
2013/6/6,40.8
2013/6/7,44
2013/6/8,53.3
2013/6/9,58
2013/6/10,51
2013/6/11,42.8
2013/6/12,27.8
2013/6/13,27.4
2013/6/14,26.4
2013/6/15,30.9
2013/6/16,31
2013/6/17,35.9
2013/6/18,39.7
2013/6/19,38.4
2013/6/20,43.5
2013/6/21,50.3
2013/6/22,44.5
2013/6/23,35.9
2013/6/24,36.2
2013/6/25,35.5
2013/6/26,40.2
2013/6/27,39.4
2013/6/28,32
2013/6/29,33.1
2013/6/30,44.9
2013/7/1,59.1
2013/7/2,58.7
2013/7/3,70.9
2013/7/4,87.3
2013/7/5,82.5
2013/7/6,93.4
2013/7/7,95.9
2013/7/8,116
2013/7/9,124
2013/7/10,118
2013/7/11,95
2013/7/12,91
2013/7/13,89.6
2013/7/14,89.1
2013/7/15,98
2013/7/16,126
2013/7/17,166
2013/7/18,155
2013/7/19,117
2013/7/20,88.2
2013/7/21,74.3
2013/7/22,77.6
2013/7/23,72.6
2013/7/24,75
2013/7/25,91.4
2013/7/26,95.4
2013/7/27,81.6
2013/7/28,77.7
2013/7/29,67.3
2013/7/30,65.4
2013/7/31,57.5
2013/8/1,50.9
2013/8/2,44.1
2013/8/3,44.3
2013/8/4,41
2013/8/5,44
2013/8/6,51.3
2013/8/7,58.9
2013/8/8,57.1
2013/8/9,41
2013/8/10,41.9
2013/8/11,45.2
2013/8/12,50.3
2013/8/13,50.9
2013/8/14,55.4
2013/8/15,66.7
2013/8/16,79.7
2013/8/17,84
2013/8/18,81
2013/8/19,85.7
2013/8/20,88.1
2013/8/21,103
2013/8/22,110
2013/8/23,112
2013/8/24,88.4
2013/8/25,91.1
2013/8/26,84.4
2013/8/27,102
2013/8/28,96.2
2013/8/29,84.8
2013/8/30,67.5
2013/8/31,85.3
2013/9/1,85.3
2013/9/2,93.1
2013/9/3,92.3
2013/9/4,104
2013/9/5,97.7
2013/9/6,93.2
2013/9/7,91.6
2013/9/8,81.9
2013/9/9,79.8
2013/9/10,77.2
2013/9/11,60.8
2013/9/12,53.4
2013/9/13,49.5
2013/9/14,47.9
2013/9/15,45.7
2013/9/16,43.6
2013/9/17,42.3
2013/9/18,41.1
2013/9/19,38.8
2013/9/20,36
2013/9/21,33.6
2013/9/22,34.7
2013/9/23,32.2
2013/9/24,34
2013/9/25,35.1
2013/9/26,34.9
2013/9/27,35.8
2013/9/28,37.2
2013/9/29,34.3
2013/9/30,34.2
2013/10/1,32.8
2013/10/2,30.1
2013/10/3,31.1
2013/10/4,30.3
2013/10/5,28.8
2013/10/6,28.5
2013/10/7,26.8
2013/10/8,18.3
2013/10/9,17.9
2013/10/10,16.4
2013/10/11,14.7
2013/10/12,14.3
2013/10/13,15.5
2013/10/14,15
2013/10/15,14.5
2013/10/16,15
2013/10/17,15.2
2013/10/18,15
2013/10/19,14.7
2013/10/20,14
2013/10/21,13.5
2013/10/22,12.9
2013/10/23,11.9
2013/10/24,11
2013/10/25,11.1
2013/10/26,11.4
2013/10/27,11.3
2013/10/28,11
2013/10/29,10.6
2013/10/30,10.4
2013/10/31,10.4
2013/11/1,1.780892796
2013/11/2,1.780892796
2013/11/3,1.780892796
2013/11/4,1.780892796
2013/11/5,1.780892796
2013/11/6,1.780892796
2013/11/7,1.780892796
2013/11/8,1.780892796
2013/11/9,1.780892796
2013/11/10,1.780892796
2013/11/11,1.780892796
2013/11/12,1.780892796
2013/11/13,1.780892796
2013/11/14,1.780892796
2013/11/15,1.780892796
2013/11/16,1.780892796
2013/11/17,1.780892796
2013/11/18,1.780892796
2013/11/19,1.780892796
2013/11/20,1.780892796
2013/11/21,1.780892796
2013/11/22,1.780892796
2013/11/23,1.780892796
2013/11/24,1.780892796
2013/11/25,1.780892796
2013/11/26,1.780892796
2013/11/27,1.780892796
2013/11/28,1.780892796
2013/11/29,1.780892796
2013/11/30,1.780892796
2013/12/1,0
2013/12/2,0
2013/12/3,0
2013/12/4,0
2013/12/5,0
2013/12/6,0
2013/12/7,0
2013/12/8,0
2013/12/9,0
2013/12/10,0
2013/12/11,0
2013/12/12,0
2013/12/13,0
2013/12/14,0
2013/12/15,0
2013/12/16,0
2013/12/17,0
2013/12/18,0
2013/12/19,0
2013/12/20,0
2013/12/21,0
2013/12/22,0
2013/12/23,0
2013/12/24,0
2013/12/25,0
2013/12/26,0
2013/12/27,0
2013/12/28,0
2013/12/29,0
2013/12/30,0
2013/12/31,0
2014/1/1,0
2014/1/2,0
2014/1/3,0
2014/1/4,0
2014/1/5,0
2014/1/6,0
2014/1/7,0
2014/1/8,0
2014/1/9,0
2014/1/10,0
2014/1/11,0
2014/1/12,0
2014/1/13,0
2014/1/14,0
2014/1/15,0
2014/1/16,0
2014/1/17,0
2014/1/18,0
2014/1/19,0
2014/1/20,0
2014/1/21,0
2014/1/22,0
2014/1/23,0
2014/1/24,0
2014/1/25,0
2014/1/26,0
2014/1/27,0
2014/1/28,0
2014/1/29,0
2014/1/30,0
2014/1/31,0
2014/2/1,0
2014/2/2,0
2014/2/3,0
2014/2/4,0
2014/2/5,0
2014/2/6,0
2014/2/7,0
2014/2/8,0
2014/2/9,0
2014/2/10,0
2014/2/11,0
2014/2/12,0
2014/2/13,0
2014/2/14,0
2014/2/15,0
2014/2/16,0
2014/2/17,0
2014/2/18,0
2014/2/19,0
2014/2/20,0
2014/2/21,0
2014/2/22,0
2014/2/23,0
2014/2/24,0
2014/2/25,0
2014/2/26,0
2014/2/27,0
2014/2/28,0
2014/3/1,3.374160189
2014/3/2,3.374160189
2014/3/3,3.374160189
2014/3/4,3.374160189
2014/3/5,3.374160189
2014/3/6,3.374160189
2014/3/7,3.374160189
2014/3/8,3.374160189
2014/3/9,3.374160189
2014/3/10,3.374160189
2014/3/11,3.374160189
2014/3/12,3.374160189
2014/3/13,3.374160189
2014/3/14,3.374160189
2014/3/15,3.374160189
2014/3/16,3.374160189
2014/3/17,3.374160189
2014/3/18,3.374160189
2014/3/19,3.374160189
2014/3/20,3.374160189
2014/3/21,3.374160189
2014/3/22,3.374160189
2014/3/23,3.374160189
2014/3/24,3.374160189
2014/3/25,3.374160189
2014/3/26,3.374160189
2014/3/27,3.374160189
2014/3/28,3.374160189
2014/3/29,3.374160189
2014/3/30,3.374160189
2014/3/31,3.374160189
2014/4/1,13.94652878
2014/4/2,13.94652878
2014/4/3,13.94652878
2014/4/4,13.94652878
2014/4/5,13.94652878
2014/4/6,13.94652878
2014/4/7,13.94652878
2014/4/8,13.94652878
2014/4/9,13.94652878
2014/4/10,13.94652878
2014/4/11,13.94652878
2014/4/12,13.94652878
2014/4/13,13.94652878
2014/4/14,13.94652878
2014/4/15,13.94652878
2014/4/16,13.94652878
2014/4/17,13.94652878
2014/4/18,13.94652878
2014/4/19,13.94652878
2014/4/20,13.94652878
2014/4/21,13.94652878
2014/4/22,13.94652878
2014/4/23,13.94652878
2014/4/24,13.94652878
2014/4/25,13.94652878
2014/4/26,13.94652878
2014/4/27,13.94652878
2014/4/28,13.94652878
2014/4/29,13.94652878
2014/4/30,13.94652878
2014/5/1,16.2
2014/5/2,17.9
2014/5/3,18.8
2014/5/4,17.6
2014/5/5,17.6
2014/5/6,19.1
2014/5/7,19.3
2014/5/8,18.2
2014/5/9,17.3
2014/5/10,17.9
2014/5/11,18.3
2014/5/12,17.8
2014/5/13,16.3
2014/5/14,17.8
2014/5/15,16.2
2014/5/16,15.1
2014/5/17,14.6
2014/5/18,13.4
2014/5/19,12
2014/5/20,13.8
2014/5/21,16
2014/5/22,15.4
2014/5/23,17.1
2014/5/24,16.9
2014/5/25,15.8
2014/5/26,16.5
2014/5/27,19.3
2014/5/28,20.7
2014/5/29,20.9
2014/5/30,20.2
2014/5/31,19.4
2014/6/1,19.1
2014/6/2,18.4
2014/6/3,19.4
2014/6/4,19.4
2014/6/5,18.3
2014/6/6,18.7
2014/6/7,19.3
2014/6/8,20.4
2014/6/9,26
2014/6/10,38.8
2014/6/11,53
2014/6/12,56.8
2014/6/13,57.8
2014/6/14,49.4
2014/6/15,36.7
2014/6/16,31.5
2014/6/17,25.4
2014/6/18,21.3
2014/6/19,21
2014/6/20,21.1
2014/6/21,25.2
2014/6/22,46.9
2014/6/23,72.2
2014/6/24,103
2014/6/25,115
2014/6/26,120
2014/6/27,107
2014/6/28,101
2014/6/29,95.2
2014/6/30,74.6
2014/7/1,57.8
2014/7/2,48.5
2014/7/3,41.3
2014/7/4,48.4
2014/7/5,45.9
2014/7/6,58.1
2014/7/7,80.2
2014/7/8,111
2014/7/9,117
2014/7/10,122
2014/7/11,144
2014/7/12,121
2014/7/13,103
2014/7/14,88.5
2014/7/15,116
2014/7/16,113
2014/7/17,114
2014/7/18,123
2014/7/19,122
2014/7/20,128
2014/7/21,177
2014/7/22,196
2014/7/23,243
2014/7/24,181
2014/7/25,131
2014/7/26,126
2014/7/27,126
2014/7/28,129
2014/7/29,145
2014/7/30,125
2014/7/31,122
2014/8/1,144
2014/8/2,155
2014/8/3,178
2014/8/4,228
2014/8/5,276
2014/8/6,386
2014/8/7,331
2014/8/8,284
2014/8/9,274
2014/8/10,263
2014/8/11,260
2014/8/12,283
2014/8/13,262
2014/8/14,191
2014/8/15,152
2014/8/16,125
2014/8/17,130
2014/8/18,102
2014/8/19,96.4
2014/8/20,100
2014/8/21,113
2014/8/22,136
2014/8/23,125
2014/8/24,98.1
2014/8/25,76.9
2014/8/26,71.1
2014/8/27,73.6
2014/8/28,75.3
2014/8/29,78
2014/8/30,91
2014/8/31,112
2014/9/1,122
2014/9/2,135
2014/9/3,145
2014/9/4,164
2014/9/5,189
2014/9/6,183
2014/9/7,199
2014/9/8,246
2014/9/9,266
2014/9/10,259
2014/9/11,258
2014/9/12,235
2014/9/13,232
2014/9/14,248
2014/9/15,287
2014/9/16,336
2014/9/17,299
2014/9/18,227
2014/9/19,187
2014/9/20,159
2014/9/21,158
2014/9/22,165
2014/9/23,80
2014/9/24,181
2014/9/25,164
2014/9/26,176
2014/9/27,173
2014/9/28,175
2014/9/29,132
2014/9/30,102
2014/10/1,90.7
2014/10/2,90.1
2014/10/3,93.3
2014/10/4,84.8
2014/10/5,77.4
2014/10/6,72.1
2014/10/7,65.8
2014/10/8,64.9
2014/10/9,63
2014/10/10,59.4
2014/10/11,56.1
2014/10/12,51.8
2014/10/13,46.6
2014/10/14,45.8
2014/10/15,48.4
2014/10/16,51.1
2014/10/17,54
2014/10/18,49.5
2014/10/19,42.6
2014/10/20,38.5
2014/10/21,39
2014/10/22,38.7
2014/10/23,38.7
2014/10/24,37.4
2014/10/25,39.4
2014/10/26,38.3
2014/10/27,36.3
2014/10/28,35.1
2014/10/29,35.2
2014/10/30,33.1
2014/10/31,31.9
2014/11/1,3.486632196
2014/11/2,3.486632196
2014/11/3,3.486632196
2014/11/4,3.486632196
2014/11/5,3.486632196
2014/11/6,3.486632196
2014/11/7,3.486632196
2014/11/8,3.486632196
2014/11/9,3.486632196
2014/11/10,3.486632196
2014/11/11,3.486632196
2014/11/12,3.486632196
2014/11/13,3.486632196
2014/11/14,3.486632196
2014/11/15,3.486632196
2014/11/16,3.486632196
2014/11/17,3.486632196
2014/11/18,3.486632196
2014/11/19,3.486632196
2014/11/20,3.486632196
2014/11/21,3.486632196
2014/11/22,3.486632196
2014/11/23,3.486632196
2014/11/24,3.486632196
2014/11/25,3.486632196
2014/11/26,3.486632196
2014/11/27,3.486632196
2014/11/28,3.486632196
2014/11/29,3.486632196
2014/11/30,3.486632196
2014/12/1,0
2014/12/2,0
2014/12/3,0
2014/12/4,0
2014/12/5,0
2014/12/6,0
2014/12/7,0
2014/12/8,0
2014/12/9,0
2014/12/10,0
2014/12/11,0
2014/12/12,0
2014/12/13,0
2014/12/14,0
2014/12/15,0
2014/12/16,0
2014/12/17,0
2014/12/18,0
2014/12/19,0
2014/12/20,0
2014/12/21,0
2014/12/22,0
2014/12/23,0
2014/12/24,0
2014/12/25,0
2014/12/26,0
2014/12/27,0
2014/12/28,0
2014/12/29,0
2014/12/30,0
2014/12/31,0
2015/1/1,0
2015/1/2,0
2015/1/3,0
2015/1/4,0
2015/1/5,0
2015/1/6,0
2015/1/7,0
2015/1/8,0
2015/1/9,0
2015/1/10,0
2015/1/11,0
2015/1/12,0
2015/1/13,0
2015/1/14,0
2015/1/15,0
2015/1/16,0
2015/1/17,0
2015/1/18,0
2015/1/19,0
2015/1/20,0
2015/1/21,0
2015/1/22,0
2015/1/23,0
2015/1/24,0
2015/1/25,0
2015/1/26,0
2015/1/27,0
2015/1/28,0
2015/1/29,0
2015/1/30,0
2015/1/31,0
2015/2/1,0
2015/2/2,0
2015/2/3,0
2015/2/4,0
2015/2/5,0
2015/2/6,0
2015/2/7,0
2015/2/8,0
2015/2/9,0
2015/2/10,0
2015/2/11,0
2015/2/12,0
2015/2/13,0
2015/2/14,0
2015/2/15,0
2015/2/16,0
2015/2/17,0
2015/2/18,0
2015/2/19,0
2015/2/20,0
2015/2/21,0
2015/2/22,0
2015/2/23,0
2015/2/24,0
2015/2/25,0
2015/2/26,0
2015/2/27,0
2015/2/28,0
2015/3/1,1.460042032
2015/3/2,1.460042032
2015/3/3,1.460042032
2015/3/4,1.460042032
2015/3/5,1.460042032
2015/3/6,1.460042032
2015/3/7,1.460042032
2015/3/8,1.460042032
2015/3/9,1.460042032
2015/3/10,1.460042032
2015/3/11,1.460042032
2015/3/12,1.460042032
2015/3/13,1.460042032
2015/3/14,1.460042032
2015/3/15,1.460042032
2015/3/16,1.460042032
2015/3/17,1.460042032
2015/3/18,1.460042032
2015/3/19,1.460042032
2015/3/20,1.460042032
2015/3/21,1.460042032
2015/3/22,1.460042032
2015/3/23,1.460042032
2015/3/24,1.460042032
2015/3/25,1.460042032
2015/3/26,1.460042032
2015/3/27,1.460042032
2015/3/28,1.460042032
2015/3/29,1.460042032
2015/3/30,1.460042032
2015/3/31,1.460042032
2015/4/1,6.0348404
2015/4/2,6.0348404
2015/4/3,6.0348404
2015/4/4,6.0348404
2015/4/5,6.0348404
2015/4/6,6.0348404
2015/4/7,6.0348404
2015/4/8,6.0348404
2015/4/9,6.0348404
2015/4/10,6.0348404
2015/4/11,6.0348404
2015/4/12,6.0348404
2015/4/13,6.0348404
2015/4/14,6.0348404
2015/4/15,6.0348404
2015/4/16,6.0348404
2015/4/17,6.0348404
2015/4/18,6.0348404
2015/4/19,6.0348404
2015/4/20,6.0348404
2015/4/21,6.0348404
2015/4/22,6.0348404
2015/4/23,6.0348404
2015/4/24,6.0348404
2015/4/25,6.0348404
2015/4/26,6.0348404
2015/4/27,6.0348404
2015/4/28,6.0348404
2015/4/29,6.0348404
2015/4/30,6.0348404
2015/5/1,28.2
2015/5/2,24.6
2015/5/3,23.3
2015/5/4,22.1
2015/5/5,20.2
2015/5/6,14.6
2015/5/7,14.6
2015/5/8,16.4
2015/5/9,16.9
2015/5/10,17.5
2015/5/11,20.2
2015/5/12,21
2015/5/13,24.9
2015/5/14,26.9
2015/5/15,30.1
2015/5/16,33.2
2015/5/17,37.4
2015/5/18,34.9
2015/5/19,32.3
2015/5/20,35.1
2015/5/21,35.7
2015/5/22,36.6
2015/5/23,38.6
2015/5/24,37.4
2015/5/25,35.5
2015/5/26,32.6
2015/5/27,31.7
2015/5/28,31.1
2015/5/29,29.5
2015/5/30,26
2015/5/31,22.5
2015/6/1,21.6
2015/6/2,22.2
2015/6/3,22.1
2015/6/4,23.3
2015/6/5,23
2015/6/6,22.5
2015/6/7,23.9
2015/6/8,29.6
2015/6/9,31.5
2015/6/10,30.2
2015/6/11,25.6
2015/6/12,24.7
2015/6/13,28.7
2015/6/14,28.6
2015/6/15,33
2015/6/16,31.9
2015/6/17,34.3
2015/6/18,36.5
2015/6/19,39.7
2015/6/20,38.1
2015/6/21,35.2
2015/6/22,33.9
2015/6/23,31.9
2015/6/24,32.8
2015/6/25,36.4
2015/6/26,40.1
2015/6/27,44.9
2015/6/28,77
2015/6/29,89
2015/6/30,131
2015/7/1,144
2015/7/2,171
2015/7/3,154
2015/7/4,153
2015/7/5,119
2015/7/6,66.6
2015/7/7,40.6
2015/7/8,39.8
2015/7/9,40.8
2015/7/10,39.5
2015/7/11,35.7
2015/7/12,37.9
2015/7/13,63.7
2015/7/14,79.3
2015/7/15,62.7
2015/7/16,56.7
2015/7/17,44.9
2015/7/18,39.5
2015/7/19,25.6
2015/7/20,26
2015/7/21,23
2015/7/22,19
2015/7/23,18.7
2015/7/24,19
2015/7/25,20.9
2015/7/26,22.5
2015/7/27,25
2015/7/28,29
2015/7/29,35.4
2015/7/30,47.5
2015/7/31,59.6
2015/8/1,59.1
2015/8/2,57.4
2015/8/3,64.9
2015/8/4,60
2015/8/5,64.8
2015/8/6,94.4
2015/8/7,95.7
2015/8/8,70.2
2015/8/9,45.2
2015/8/10,50.1
2015/8/11,58.2
2015/8/12,65.3
2015/8/13,86.4
2015/8/14,97.5
2015/8/15,101
2015/8/16,110
2015/8/17,121
2015/8/18,109
2015/8/19,88
2015/8/20,88.9
2015/8/21,76.8
2015/8/22,63.5
2015/8/23,49.6
2015/8/24,52.2
2015/8/25,52.1
2015/8/26,56.1
2015/8/27,62.5
2015/8/28,62.9
2015/8/29,67.4
2015/8/30,68.4
2015/8/31,74.9
2015/9/1,77.4
2015/9/2,80
2015/9/3,78.4
2015/9/4,82.6
2015/9/5,82
2015/9/6,59.4
2015/9/7,56.8
2015/9/8,58.4
2015/9/9,66.4
2015/9/10,57.7
2015/9/11,58.8
2015/9/12,51.8
2015/9/13,44.8
2015/9/14,45.7
2015/9/15,46.1
2015/9/16,41.9
2015/9/17,41.6
2015/9/18,43.7
2015/9/19,46.9
2015/9/20,41.1
2015/9/21,35.2
2015/9/22,32.7
2015/9/23,29.7
2015/9/24,26.2
2015/9/25,28.3
2015/9/26,27.3
2015/9/27,26.6
2015/9/28,26.5
2015/9/29,25.8
2015/9/30,24.3
2015/10/1,22.1
2015/10/2,19.7
2015/10/3,21.9
2015/10/4,20.9
2015/10/5,20.1
2015/10/6,19.8
2015/10/7,20.2
2015/10/8,18.4
2015/10/9,18.2
2015/10/10,17.7
2015/10/11,15.6
2015/10/12,16
2015/10/13,16.2
2015/10/14,16
2015/10/15,16.7
2015/10/16,16.2
2015/10/17,16.1
2015/10/18,16.4
2015/10/19,17.1
2015/10/20,17.2
2015/10/21,17.4
2015/10/22,17.2
2015/10/23,14.5
2015/10/24,13.3
2015/10/25,12.7
2015/10/26,13
2015/10/27,13.2
2015/10/28,12.3
2015/10/29,11.9
2015/10/30,9.12
2015/10/31,8.34
2015/11/1,1.5087101
2015/11/2,1.5087101
2015/11/3,1.5087101
2015/11/4,1.5087101
2015/11/5,1.5087101
2015/11/6,1.5087101
2015/11/7,1.5087101
2015/11/8,1.5087101
2015/11/9,1.5087101
2015/11/10,1.5087101
2015/11/11,1.5087101
2015/11/12,1.5087101
2015/11/13,1.5087101
2015/11/14,1.5087101
2015/11/15,1.5087101
2015/11/16,1.5087101
2015/11/17,1.5087101
2015/11/18,1.5087101
2015/11/19,1.5087101
2015/11/20,1.5087101
2015/11/21,1.5087101
2015/11/22,1.5087101
2015/11/23,1.5087101
2015/11/24,1.5087101
2015/11/25,1.5087101
2015/11/26,1.5087101
2015/11/27,1.5087101
2015/11/28,1.5087101
2015/11/29,1.5087101
2015/11/30,1.5087101
2015/12/1,0
2015/12/2,0
2015/12/3,0
2015/12/4,0
2015/12/5,0
2015/12/6,0
2015/12/7,0
2015/12/8,0
2015/12/9,0
2015/12/10,0
2015/12/11,0
2015/12/12,0
2015/12/13,0
2015/12/14,0
2015/12/15,0
2015/12/16,0
2015/12/17,0
2015/12/18,0
2015/12/19,0
2015/12/20,0
2015/12/21,0
2015/12/22,0
2015/12/23,0
2015/12/24,0
2015/12/25,0
2015/12/26,0
2015/12/27,0
2015/12/28,0
2015/12/29,0
2015/12/30,0
2015/12/31,0
2016/1/1,0
2016/1/2,0
2016/1/3,0
2016/1/4,0
2016/1/5,0
2016/1/6,0
2016/1/7,0
2016/1/8,0
2016/1/9,0
2016/1/10,0
2016/1/11,0
2016/1/12,0
2016/1/13,0
2016/1/14,0
2016/1/15,0
2016/1/16,0
2016/1/17,0
2016/1/18,0
2016/1/19,0
2016/1/20,0
2016/1/21,0
2016/1/22,0
2016/1/23,0
2016/1/24,0
2016/1/25,0
2016/1/26,0
2016/1/27,0
2016/1/28,0
2016/1/29,0
2016/1/30,0
2016/1/31,0
2016/2/1,0
2016/2/2,0
2016/2/3,0
2016/2/4,0
2016/2/5,0
2016/2/6,0
2016/2/7,0
2016/2/8,0
2016/2/9,0
2016/2/10,0
2016/2/11,0
2016/2/12,0
2016/2/13,0
2016/2/14,0
2016/2/15,0
2016/2/16,0
2016/2/17,0
2016/2/18,0
2016/2/19,0
2016/2/20,0
2016/2/21,0
2016/2/22,0
2016/2/23,0
2016/2/24,0
2016/2/25,0
2016/2/26,0
2016/2/27,0
2016/2/28,0
2016/2/29,0
2016/3/1,2.880954565
2016/3/2,2.880954565
2016/3/3,2.880954565
2016/3/4,2.880954565
2016/3/5,2.880954565
2016/3/6,2.880954565
2016/3/7,2.880954565
2016/3/8,2.880954565
2016/3/9,2.880954565
2016/3/10,2.880954565
2016/3/11,2.880954565
2016/3/12,2.880954565
2016/3/13,2.880954565
2016/3/14,2.880954565
2016/3/15,2.880954565
2016/3/16,2.880954565
2016/3/17,2.880954565
2016/3/18,2.880954565
2016/3/19,2.880954565
2016/3/20,2.880954565
2016/3/21,2.880954565
2016/3/22,2.880954565
2016/3/23,2.880954565
2016/3/24,2.880954565
2016/3/25,2.880954565
2016/3/26,2.880954565
2016/3/27,2.880954565
2016/3/28,2.880954565
2016/3/29,2.880954565
2016/3/30,2.880954565
2016/3/31,2.880954565
2016/4/1,11.90794554
2016/4/2,11.90794554
2016/4/3,11.90794554
2016/4/4,11.90794554
2016/4/5,11.90794554
2016/4/6,11.90794554
2016/4/7,11.90794554
2016/4/8,11.90794554
2016/4/9,11.90794554
2016/4/10,11.90794554
2016/4/11,11.90794554
2016/4/12,11.90794554
2016/4/13,11.90794554
2016/4/14,11.90794554
2016/4/15,11.90794554
2016/4/16,11.90794554
2016/4/17,11.90794554
2016/4/18,11.90794554
2016/4/19,11.90794554
2016/4/20,11.90794554
2016/4/21,11.90794554
2016/4/22,11.90794554
2016/4/23,11.90794554
2016/4/24,11.90794554
2016/4/25,11.90794554
2016/4/26,11.90794554
2016/4/27,11.90794554
2016/4/28,11.90794554
2016/4/29,11.90794554
2016/4/30,11.90794554
2016/5/1,14.1
2016/5/2,13.4
2016/5/3,16.1
2016/5/4,17.8
2016/5/5,16
2016/5/6,18.1
2016/5/7,17.5
2016/5/8,18.6
2016/5/9,20.3
2016/5/10,20.6
2016/5/11,21.6
2016/5/12,21.2
2016/5/13,29.6
2016/5/14,33.4
2016/5/15,32.3
2016/5/16,30.7
2016/5/17,29.1
2016/5/18,26.4
2016/5/19,22.7
2016/5/20,21.8
2016/5/21,20.1
2016/5/22,17.5
2016/5/23,16.7
2016/5/24,15.6
2016/5/25,15.9
2016/5/26,17
2016/5/27,18.6
2016/5/28,19.7
2016/5/29,18.4
2016/5/30,18.6
2016/5/31,20
2016/6/1,28.9
2016/6/2,28
2016/6/3,24.4
2016/6/4,21.2
2016/6/5,19.3
2016/6/6,15.8
2016/6/7,14.6
2016/6/8,19.3
2016/6/9,21.8
2016/6/10,21
2016/6/11,19.5
2016/6/12,21.3
2016/6/13,25.1
2016/6/14,24.9
2016/6/15,24.7
2016/6/16,28
2016/6/17,29.7
2016/6/18,30.8
2016/6/19,33.4
2016/6/20,56
2016/6/21,64.9
2016/6/22,62.9
2016/6/23,53.8
2016/6/24,66
2016/6/25,80.2
2016/6/26,79.8
2016/6/27,83.1
2016/6/28,73.8
2016/6/29,73.5
2016/6/30,69.1
2016/7/1,80
2016/7/2,77.1
2016/7/3,57.1
2016/7/4,64.8
2016/7/5,84.8
2016/7/6,125
2016/7/7,144
2016/7/8,119
2016/7/9,135
2016/7/10,150
2016/7/11,276
2016/7/12,235
2016/7/13,299
2016/7/14,276
2016/7/15,174
2016/7/16,111
2016/7/17,91.7
2016/7/18,96.6
2016/7/19,110
2016/7/20,116
2016/7/21,152
2016/7/22,160
2016/7/23,154
2016/7/24,156
2016/7/25,144
2016/7/26,101
2016/7/27,85.8
2016/7/28,95.4
2016/7/29,88.4
2016/7/30,81.6
2016/7/31,97.9
2016/8/1,93.9
2016/8/2,94.9
2016/8/3,98.5
2016/8/4,93.3
2016/8/5,91.4
2016/8/6,99.8
2016/8/7,94.7
2016/8/8,91.7
2016/8/9,70.2
2016/8/10,73.3
2016/8/11,82.7
2016/8/12,104
2016/8/13,164
2016/8/14,180
2016/8/15,172
2016/8/16,211
2016/8/17,213
2016/8/18,173
2016/8/19,163
2016/8/20,153
2016/8/21,143
2016/8/22,152
2016/8/23,155
2016/8/24,144
2016/8/25,166
2016/8/26,190
2016/8/27,171
2016/8/28,161
2016/8/29,150
2016/8/30,155
2016/8/31,156
2016/9/1,144
2016/9/2,156
2016/9/3,173
2016/9/4,179
2016/9/5,205
2016/9/6,224
2016/9/7,186
2016/9/8,179
2016/9/9,181
2016/9/10,147
2016/9/11,113
2016/9/12,109
2016/9/13,106
2016/9/14,114
2016/9/15,109
2016/9/16,110
2016/9/17,126
2016/9/18,144
2016/9/19,142
2016/9/20,128
2016/9/21,99.2
2016/9/22,93.8
2016/9/23,99
2016/9/24,95.5
2016/9/25,99.2
2016/9/26,112
2016/9/27,109
2016/9/28,96.9
2016/9/29,89.8
2016/9/30,84.7
2016/10/1,76.4
2016/10/2,72.4
2016/10/3,66.4
2016/10/4,69.4
2016/10/5,74.6
2016/10/6,73.9
2016/10/7,75.3
2016/10/8,67.9
2016/10/9,66.3
2016/10/10,63.1
2016/10/11,63.1
2016/10/12,69.8
2016/10/13,70.4
2016/10/14,69.4
2016/10/15,72.5
2016/10/16,45.5
2016/10/17,38.6
2016/10/18,41.8
2016/10/19,38.3
2016/10/20,37.9
2016/10/21,35.5
2016/10/22,32.9
2016/10/23,29.6
2016/10/24,27.1
2016/10/25,26.6
2016/10/26,32.1
2016/10/27,25.9
2016/10/28,19.1
2016/10/29,5.05
2016/10/30,4.26
2016/10/31,4.24
2016/11/1,2.976986384
2016/11/2,2.976986384
2016/11/3,2.976986384
2016/11/4,2.976986384
2016/11/5,2.976986384
2016/11/6,2.976986384
2016/11/7,2.976986384
2016/11/8,2.976986384
2016/11/9,2.976986384
2016/11/10,2.976986384
2016/11/11,2.976986384
2016/11/12,2.976986384
2016/11/13,2.976986384
2016/11/14,2.976986384
2016/11/15,2.976986384
2016/11/16,2.976986384
2016/11/17,2.976986384
2016/11/18,2.976986384
2016/11/19,2.976986384
2016/11/20,2.976986384
2016/11/21,2.976986384
2016/11/22,2.976986384
2016/11/23,2.976986384
2016/11/24,2.976986384
2016/11/25,2.976986384
2016/11/26,2.976986384
2016/11/27,2.976986384
2016/11/28,2.976986384
2016/11/29,2.976986384
2016/11/30,2.976986384
2016/12/1,0
2016/12/2,0
2016/12/3,0
2016/12/4,0
2016/12/5,0
2016/12/6,0
2016/12/7,0
2016/12/8,0
2016/12/9,0
2016/12/10,0
2016/12/11,0
2016/12/12,0
2016/12/13,0
2016/12/14,0
2016/12/15,0
2016/12/16,0
2016/12/17,0
2016/12/18,0
2016/12/19,0
2016/12/20,0
2016/12/21,0
2016/12/22,0
2016/12/23,0
2016/12/24,0
2016/12/25,0
2016/12/26,0
2016/12/27,0
2016/12/28,0
2016/12/29,0
2016/12/30,0
2016/12/31,0
2017/1/1,0
2017/1/2,0
2017/1/3,0
2017/1/4,0
2017/1/5,0
2017/1/6,0
2017/1/7,0
2017/1/8,0
2017/1/9,0
2017/1/10,0
2017/1/11,0
2017/1/12,0
2017/1/13,0
2017/1/14,0
2017/1/15,0
2017/1/16,0
2017/1/17,0
2017/1/18,0
2017/1/19,0
2017/1/20,0
2017/1/21,0
2017/1/22,0
2017/1/23,0
2017/1/24,0
2017/1/25,0
2017/1/26,0
2017/1/27,0
2017/1/28,0
2017/1/29,0
2017/1/30,0
2017/1/31,0
2017/2/1,0
2017/2/2,0
2017/2/3,0
2017/2/4,0
2017/2/5,0
2017/2/6,0
2017/2/7,0
2017/2/8,0
2017/2/9,0
2017/2/10,0
2017/2/11,0
2017/2/12,0
2017/2/13,0
2017/2/14,0
2017/2/15,0
2017/2/16,0
2017/2/17,0
2017/2/18,0
2017/2/19,0
2017/2/20,0
2017/2/21,0
2017/2/22,0
2017/2/23,0
2017/2/24,0
2017/2/25,0
2017/2/26,0
2017/2/27,0
2017/2/28,0
2017/3/1,4.026006605
2017/3/2,4.026006605
2017/3/3,4.026006605
2017/3/4,4.026006605
2017/3/5,4.026006605
2017/3/6,4.026006605
2017/3/7,4.026006605
2017/3/8,4.026006605
2017/3/9,4.026006605
2017/3/10,4.026006605
2017/3/11,4.026006605
2017/3/12,4.026006605
2017/3/13,4.026006605
2017/3/14,4.026006605
2017/3/15,4.026006605
2017/3/16,4.026006605
2017/3/17,4.026006605
2017/3/18,4.026006605
2017/3/19,4.026006605
2017/3/20,4.026006605
2017/3/21,4.026006605
2017/3/22,4.026006605
2017/3/23,4.026006605
2017/3/24,4.026006605
2017/3/25,4.026006605
2017/3/26,4.026006605
2017/3/27,4.026006605
2017/3/28,4.026006605
2017/3/29,4.026006605
2017/3/30,4.026006605
2017/3/31,4.026006605
2017/4/1,16.6408273
2017/4/2,16.6408273
2017/4/3,16.6408273
2017/4/4,16.6408273
2017/4/5,16.6408273
2017/4/6,16.6408273
2017/4/7,16.6408273
2017/4/8,16.6408273
2017/4/9,16.6408273
2017/4/10,16.6408273
2017/4/11,16.6408273
2017/4/12,16.6408273
2017/4/13,16.6408273
2017/4/14,16.6408273
2017/4/15,16.6408273
2017/4/16,16.6408273
2017/4/17,16.6408273
2017/4/18,16.6408273
2017/4/19,16.6408273
2017/4/20,16.6408273
2017/4/21,16.6408273
2017/4/22,16.6408273
2017/4/23,16.6408273
2017/4/24,16.6408273
2017/4/25,16.6408273
2017/4/26,16.6408273
2017/4/27,16.6408273
2017/4/28,16.6408273
2017/4/29,16.6408273
2017/4/30,16.6408273
2017/5/1,26.7
2017/5/2,23.9
2017/5/3,21.7
2017/5/4,19.6
2017/5/5,18.5
2017/5/6,14
2017/5/7,13.5
2017/5/8,13.5
2017/5/9,13.5
2017/5/10,15.5
2017/5/11,15.4
2017/5/12,15.8
2017/5/13,16.6
2017/5/14,16.5
2017/5/15,17.6
2017/5/16,16.2
2017/5/17,17.7
2017/5/18,19.1
2017/5/19,16.7
2017/5/20,19
2017/5/21,21.6
2017/5/22,22.3
2017/5/23,23.6
2017/5/24,23.8
2017/5/25,24.5
2017/5/26,23.8
2017/5/27,22.4
2017/5/28,24.7
2017/5/29,23.6
2017/5/30,22.8
2017/5/31,21.3
2017/6/1,22
2017/6/2,23.2
2017/6/3,30.2
2017/6/4,40.2
2017/6/5,36.2
2017/6/6,28.4
2017/6/7,24.1
2017/6/8,28
2017/6/9,31.5
2017/6/10,42.9
2017/6/11,49.4
2017/6/12,56.7
2017/6/13,75
2017/6/14,87.2
2017/6/15,96.3
2017/6/16,104
2017/6/17,128
2017/6/18,182
2017/6/19,182
2017/6/20,191
2017/6/21,170
2017/6/22,126
2017/6/23,127
2017/6/24,129
2017/6/25,132
2017/6/26,107
2017/6/27,77.9
2017/6/28,59.6
2017/6/29,56.4
2017/6/30,68.7
2017/7/1,130
2017/7/2,191
2017/7/3,182
2017/7/4,159
2017/7/5,158
2017/7/6,168
2017/7/7,186
2017/7/8,205
2017/7/9,297
2017/7/10,195
2017/7/11,117
2017/7/12,81.3
2017/7/13,79.1
2017/7/14,82.2
2017/7/15,82.3
2017/7/16,88.3
2017/7/17,108
2017/7/18,128
2017/7/19,129
2017/7/20,123
2017/7/21,122
2017/7/22,128
2017/7/23,134
2017/7/24,141
2017/7/25,192
2017/7/26,244
2017/7/27,261
2017/7/28,283
2017/7/29,226
2017/7/30,164
2017/7/31,146
2017/8/1,163
2017/8/2,162
2017/8/3,123
2017/8/4,113
2017/8/5,119
2017/8/6,144
2017/8/7,151
2017/8/8,185
2017/8/9,181
2017/8/10,129
2017/8/11,121
2017/8/12,121
2017/8/13,122
2017/8/14,125
2017/8/15,132
2017/8/16,124
2017/8/17,108
2017/8/18,170
2017/8/19,180
2017/8/20,171
2017/8/21,169
2017/8/22,221
2017/8/23,248
2017/8/24,206
2017/8/25,215
2017/8/26,227
2017/8/27,240
2017/8/28,333
2017/8/29,325
2017/8/30,349
2017/8/31,345
2017/9/1,254
2017/9/2,254
2017/9/3,307
2017/9/4,475
2017/9/5,492
2017/9/6,344
2017/9/7,303
2017/9/8,304
2017/9/9,271
2017/9/10,272
2017/9/11,241
2017/9/12,195
2017/9/13,179
2017/9/14,175
2017/9/15,165
2017/9/16,150
2017/9/17,145
2017/9/18,165
2017/9/19,200
2017/9/20,220
2017/9/21,195
2017/9/22,179
2017/9/23,171
2017/9/24,188
2017/9/25,175
2017/9/26,170
2017/9/27,147
2017/9/28,127
2017/9/29,113
2017/9/30,105
2017/10/1,83.5
2017/10/2,83.5
2017/10/3,77.8
2017/10/4,76.4
2017/10/5,73.3
2017/10/6,65.2
2017/10/7,54.3
2017/10/8,50.4
2017/10/9,46.6
2017/10/10,44.3
2017/10/11,46.2
2017/10/12,45.4
2017/10/13,43.6
2017/10/14,41.4
2017/10/15,42.8
2017/10/16,42.8
2017/10/17,46.6
2017/10/18,46.6
2017/10/19,47.2
2017/10/20,43.1
2017/10/21,39.8
2017/10/22,39.2
2017/10/23,40.1
2017/10/24,42.3
2017/10/25,43.8
2017/10/26,31.7
2017/10/27,28.8
2017/10/28,30.6
2017/10/29,32.1
2017/10/30,32.1
2017/10/31,31.2
2017/11/1,4.160206825
2017/11/2,4.160206825
2017/11/3,4.160206825
2017/11/4,4.160206825
2017/11/5,4.160206825
2017/11/6,4.160206825
2017/11/7,4.160206825
2017/11/8,4.160206825
2017/11/9,4.160206825
2017/11/10,4.160206825
2017/11/11,4.160206825
2017/11/12,4.160206825
2017/11/13,4.160206825
2017/11/14,4.160206825
2017/11/15,4.160206825
2017/11/16,4.160206825
2017/11/17,4.160206825
2017/11/18,4.160206825
2017/11/19,4.160206825
2017/11/20,4.160206825
2017/11/21,4.160206825
2017/11/22,4.160206825
2017/11/23,4.160206825
2017/11/24,4.160206825
2017/11/25,4.160206825
2017/11/26,4.160206825
2017/11/27,4.160206825
2017/11/28,4.160206825
2017/11/29,4.160206825
2017/11/30,4.160206825
2017/12/1,0
2017/12/2,0
2017/12/3,0
2017/12/4,0
2017/12/5,0
2017/12/6,0
2017/12/7,0
2017/12/8,0
2017/12/9,0
2017/12/10,0
2017/12/11,0
2017/12/12,0
2017/12/13,0
2017/12/14,0
2017/12/15,0
2017/12/16,0
2017/12/17,0
2017/12/18,0
2017/12/19,0
2017/12/20,0
2017/12/21,0
2017/12/22,0
2017/12/23,0
2017/12/24,0
2017/12/25,0
2017/12/26,0
2017/12/27,0
2017/12/28,0
2017/12/29,0
2017/12/30,0
2017/12/31,0
2018/1/1,0
2018/1/2,0
2018/1/3,0
2018/1/4,0
2018/1/5,0
2018/1/6,0
2018/1/7,0
2018/1/8,0
2018/1/9,0
2018/1/10,0
2018/1/11,0
2018/1/12,0
2018/1/13,0
2018/1/14,0
2018/1/15,0
2018/1/16,0
2018/1/17,0
2018/1/18,0
2018/1/19,0
2018/1/20,0
2018/1/21,0
2018/1/22,0
2018/1/23,0
2018/1/24,0
2018/1/25,0
2018/1/26,0
2018/1/27,0
2018/1/28,0
2018/1/29,0
2018/1/30,0
2018/1/31,0
2018/2/1,0
2018/2/2,0
2018/2/3,0
2018/2/4,0
2018/2/5,0
2018/2/6,0
2018/2/7,0
2018/2/8,0
2018/2/9,0
2018/2/10,0
2018/2/11,0
2018/2/12,0
2018/2/13,0
2018/2/14,0
2018/2/15,0
2018/2/16,0
2018/2/17,0
2018/2/18,0
2018/2/19,0
2018/2/20,0
2018/2/21,0
2018/2/22,0
2018/2/23,0
2018/2/24,0
2018/2/25,0
2018/2/26,0
2018/2/27,0
2018/2/28,0
2018/3/1,5.145216333
2018/3/2,5.145216333
2018/3/3,5.145216333
2018/3/4,5.145216333
2018/3/5,5.145216333
2018/3/6,5.145216333
2018/3/7,5.145216333
2018/3/8,5.145216333
2018/3/9,5.145216333
2018/3/10,5.145216333
2018/3/11,5.145216333
2018/3/12,5.145216333
2018/3/13,5.145216333
2018/3/14,5.145216333
2018/3/15,5.145216333
2018/3/16,5.145216333
2018/3/17,5.145216333
2018/3/18,5.145216333
2018/3/19,5.145216333
2018/3/20,5.145216333
2018/3/21,5.145216333
2018/3/22,5.145216333
2018/3/23,5.145216333
2018/3/24,5.145216333
2018/3/25,5.145216333
2018/3/26,5.145216333
2018/3/27,5.145216333
2018/3/28,5.145216333
2018/3/29,5.145216333
2018/3/30,5.145216333
2018/3/31,5.145216333
2018/4/1,21.26689417
2018/4/2,21.26689417
2018/4/3,21.26689417
2018/4/4,21.26689417
2018/4/5,21.26689417
2018/4/6,21.26689417
2018/4/7,21.26689417
2018/4/8,21.26689417
2018/4/9,21.26689417
2018/4/10,21.26689417
2018/4/11,21.26689417
2018/4/12,21.26689417
2018/4/13,21.26689417
2018/4/14,21.26689417
2018/4/15,21.26689417
2018/4/16,21.26689417
2018/4/17,21.26689417
2018/4/18,21.26689417
2018/4/19,21.26689417
2018/4/20,21.26689417
2018/4/21,21.26689417
2018/4/22,21.26689417
2018/4/23,21.26689417
2018/4/24,21.26689417
2018/4/25,21.26689417
2018/4/26,21.26689417
2018/4/27,21.26689417
2018/4/28,21.26689417
2018/4/29,21.26689417
2018/4/30,21.26689417
2018/5/1,19.7
2018/5/2,19.8
2018/5/3,21.9
2018/5/4,22.7
2018/5/5,24.4
2018/5/6,24.2
2018/5/7,22.3
2018/5/8,22
2018/5/9,22.6
2018/5/10,20.4
2018/5/11,20.6
2018/5/12,19.4
2018/5/13,18.8
2018/5/14,19.9
2018/5/15,22
2018/5/16,26.4
2018/5/17,30.4
2018/5/18,33.4
2018/5/19,34.3
2018/5/20,36.4
2018/5/21,35
2018/5/22,36.7
2018/5/23,42.5
2018/5/24,39
2018/5/25,37.3
2018/5/26,33.9
2018/5/27,31
2018/5/28,27.1
2018/5/29,28.1
2018/5/30,26.1
2018/5/31,26.6
2018/6/1,29.1
2018/6/2,27.3
2018/6/3,27
2018/6/4,26
2018/6/5,24.5
2018/6/6,23.7
2018/6/7,23.6
2018/6/8,25.2
2018/6/9,24.3
2018/6/10,23.7
2018/6/11,25.8
2018/6/12,30.3
2018/6/13,42.9
2018/6/14,48.8
2018/6/15,52.6
2018/6/16,60.2
2018/6/17,82.9
2018/6/18,72
2018/6/19,76.3
2018/6/20,121
2018/6/21,128
2018/6/22,140
2018/6/23,133
2018/6/24,134
2018/6/25,113
2018/6/26,105
2018/6/27,101
2018/6/28,108
2018/6/29,121
2018/6/30,108
2018/7/1,147
2018/7/2,265
2018/7/3,246
2018/7/4,242
2018/7/5,272
2018/7/6,229
2018/7/7,165
2018/7/8,153
2018/7/9,180
2018/7/10,221
2018/7/11,266
2018/7/12,153
2018/7/13,99.2
2018/7/14,118
2018/7/15,123
2018/7/16,115
2018/7/17,101
2018/7/18,115
2018/7/19,142
2018/7/20,121
2018/7/21,122
2018/7/22,129
2018/7/23,133
2018/7/24,123
2018/7/25,110
2018/7/26,99.8
2018/7/27,129
2018/7/28,207
2018/7/29,185
2018/7/30,222
2018/7/31,396
2018/8/1,403
2018/8/2,310
2018/8/3,208
2018/8/4,165
2018/8/5,222
2018/8/6,294
2018/8/7,600
2018/8/8,473
2018/8/9,426
2018/8/10,463
2018/8/11,393
2018/8/12,534
2018/8/13,399
2018/8/14,324
2018/8/15,296
2018/8/16,337
2018/8/17,263
2018/8/18,239
2018/8/19,225
2018/8/20,332
2018/8/21,433
2018/8/22,370
2018/8/23,317
2018/8/24,258
2018/8/25,282
2018/8/26,275
2018/8/27,267
2018/8/28,249
2018/8/29,231
2018/8/30,270
2018/8/31,281
2018/9/1,287
2018/9/2,301
2018/9/3,289
2018/9/4,277
2018/9/5,305
2018/9/6,302
2018/9/7,408
2018/9/8,395
2018/9/9,379
2018/9/10,349
2018/9/11,287
2018/9/12,282
2018/9/13,295
2018/9/14,268
2018/9/15,258
2018/9/16,283
2018/9/17,249
2018/9/18,211
2018/9/19,184
2018/9/20,166
2018/9/21,153
2018/9/22,152
2018/9/23,155
2018/9/24,167
2018/9/25,180
2018/9/26,187
2018/9/27,181
2018/9/28,162
2018/9/29,151
2018/9/30,146
2018/10/1,148
2018/10/2,147
2018/10/3,139
2018/10/4,120
2018/10/5,121
2018/10/6,121
2018/10/7,121
2018/10/8,120
2018/10/9,85.2
2018/10/10,82.9
2018/10/11,84.9
2018/10/12,79.6
2018/10/13,75.7
2018/10/14,71.5
2018/10/15,67.7
2018/10/16,65.7
2018/10/17,51.3
2018/10/18,48.4
2018/10/19,45
2018/10/20,40.9
2018/10/21,40.7
2018/10/22,46.5
2018/10/23,42.2
2018/10/24,40.3
2018/10/25,40.9
2018/10/26,39.7
2018/10/27,41.8
2018/10/28,36.6
2018/10/29,36.8
2018/10/30,31.2
2018/10/31,30.7
2018/11/1,5.316723544
2018/11/2,5.316723544
2018/11/3,5.316723544
2018/11/4,5.316723544
2018/11/5,5.316723544
2018/11/6,5.316723544
2018/11/7,5.316723544
2018/11/8,5.316723544
2018/11/9,5.316723544
2018/11/10,5.316723544
2018/11/11,5.316723544
2018/11/12,5.316723544
2018/11/13,5.316723544
2018/11/14,5.316723544
2018/11/15,5.316723544
2018/11/16,5.316723544
2018/11/17,5.316723544
2018/11/18,5.316723544
2018/11/19,5.316723544
2018/11/20,5.316723544
2018/11/21,5.316723544
2018/11/22,5.316723544
2018/11/23,5.316723544
2018/11/24,5.316723544
2018/11/25,5.316723544
2018/11/26,5.316723544
2018/11/27,5.316723544
2018/11/28,5.316723544
2018/11/29,5.316723544
2018/11/30,5.316723544
2018/12/1,0
2018/12/2,0
2018/12/3,0
2018/12/4,0
2018/12/5,0
2018/12/6,0
2018/12/7,0
2018/12/8,0
2018/12/9,0
2018/12/10,0
2018/12/11,0
2018/12/12,0
2018/12/13,0
2018/12/14,0
2018/12/15,0
2018/12/16,0
2018/12/17,0
2018/12/18,0
2018/12/19,0
2018/12/20,0
2018/12/21,0
2018/12/22,0
2018/12/23,0
2018/12/24,0
2018/12/25,0
2018/12/26,0
2018/12/27,0
2018/12/28,0
2018/12/29,0
2018/12/30,0
2018/12/31,0
2019/1/1,0
2019/1/2,0
2019/1/3,0
2019/1/4,0
2019/1/5,0
2019/1/6,0
2019/1/7,0
2019/1/8,0
2019/1/9,0
2019/1/10,0
2019/1/11,0
2019/1/12,0
2019/1/13,0
2019/1/14,0
2019/1/15,0
2019/1/16,0
2019/1/17,0
2019/1/18,0
2019/1/19,0
2019/1/20,0
2019/1/21,0
2019/1/22,0
2019/1/23,0
2019/1/24,0
2019/1/25,0
2019/1/26,0
2019/1/27,0
2019/1/28,0
2019/1/29,0
2019/1/30,0
2019/1/31,0
2019/2/1,0
2019/2/2,0
2019/2/3,0
2019/2/4,0
2019/2/5,0
2019/2/6,0
2019/2/7,0
2019/2/8,0
2019/2/9,0
2019/2/10,0
2019/2/11,0
2019/2/12,0
2019/2/13,0
2019/2/14,0
2019/2/15,0
2019/2/16,0
2019/2/17,0
2019/2/18,0
2019/2/19,0
2019/2/20,0
2019/2/21,0
2019/2/22,0
2019/2/23,0
2019/2/24,0
2019/2/25,0
2019/2/26,0
2019/2/27,0
2019/2/28,0
2019/3/1,1.941870434
2019/3/2,1.941870434
2019/3/3,1.941870434
2019/3/4,1.941870434
2019/3/5,1.941870434
2019/3/6,1.941870434
2019/3/7,1.941870434
2019/3/8,1.941870434
2019/3/9,1.941870434
2019/3/10,1.941870434
2019/3/11,1.941870434
2019/3/12,1.941870434
2019/3/13,1.941870434
2019/3/14,1.941870434
2019/3/15,1.941870434
2019/3/16,1.941870434
2019/3/17,1.941870434
2019/3/18,1.941870434
2019/3/19,1.941870434
2019/3/20,1.941870434
2019/3/21,1.941870434
2019/3/22,1.941870434
2019/3/23,1.941870434
2019/3/24,1.941870434
2019/3/25,1.941870434
2019/3/26,1.941870434
2019/3/27,1.941870434
2019/3/28,1.941870434
2019/3/29,1.941870434
2019/3/30,1.941870434
2019/3/31,1.941870434
2019/4/1,8.026397794
2019/4/2,8.026397794
2019/4/3,8.026397794
2019/4/4,8.026397794
2019/4/5,8.026397794
2019/4/6,8.026397794
2019/4/7,8.026397794
2019/4/8,8.026397794
2019/4/9,8.026397794
2019/4/10,8.026397794
2019/4/11,8.026397794
2019/4/12,8.026397794
2019/4/13,8.026397794
2019/4/14,8.026397794
2019/4/15,8.026397794
2019/4/16,8.026397794
2019/4/17,8.026397794
2019/4/18,8.026397794
2019/4/19,8.026397794
2019/4/20,8.026397794
2019/4/21,8.026397794
2019/4/22,8.026397794
2019/4/23,8.026397794
2019/4/24,8.026397794
2019/4/25,8.026397794
2019/4/26,8.026397794
2019/4/27,8.026397794
2019/4/28,8.026397794
2019/4/29,8.026397794
2019/4/30,8.026397794
2019/5/1,28.3
2019/5/2,30.4
2019/5/3,31.1
2019/5/4,29.3
2019/5/5,30.6
2019/5/6,36.2
2019/5/7,38
2019/5/8,37.4
2019/5/9,29.6
2019/5/10,22.3
2019/5/11,22.2
2019/5/12,21
2019/5/13,22.7
2019/5/14,20.9
2019/5/15,21.1
2019/5/16,21.7
2019/5/17,24.2
2019/5/18,24.6
2019/5/19,28.4
2019/5/20,32.1
2019/5/21,28.9
2019/5/22,25.2
2019/5/23,25.5
2019/5/24,24.2
2019/5/25,23.1
2019/5/26,24.9
2019/5/27,28.1
2019/5/28,27.6
2019/5/29,26.1
2019/5/30,26.3
2019/5/31,23.7
2019/6/1,21
2019/6/2,19.1
2019/6/3,18.5
2019/6/4,21.7
2019/6/5,21.5
2019/6/6,20.9
2019/6/7,22.1
2019/6/8,23.1
2019/6/9,23.8
2019/6/10,25.2
2019/6/11,26.4
2019/6/12,25.5
2019/6/13,24.6
2019/6/14,26.4
2019/6/15,26.1
2019/6/16,28.6
2019/6/17,30.5
2019/6/18,38
2019/6/19,44.6
2019/6/20,45.4
2019/6/21,42.4
2019/6/22,38.2
2019/6/23,34.3
2019/6/24,47
2019/6/25,57.1
2019/6/26,67.4
2019/6/27,68.9
2019/6/28,69.5
2019/6/29,76.2
2019/6/30,81.5
2019/7/1,93.6
2019/7/2,121
2019/7/3,135
2019/7/4,143
2019/7/5,139
2019/7/6,154
2019/7/7,162
2019/7/8,113
2019/7/9,75.9
2019/7/10,54.3
2019/7/11,53.3
2019/7/12,54.9
2019/7/13,59.2
2019/7/14,56.1
2019/7/15,53.9
2019/7/16,55.3
2019/7/17,46.7
2019/7/18,41
2019/7/19,41.3
2019/7/20,42.2
2019/7/21,45
2019/7/22,52.8
2019/7/23,52.4
2019/7/24,43.7
2019/7/25,38.1
2019/7/26,34.4
2019/7/27,30.6
2019/7/28,32.2
2019/7/29,40.1
2019/7/30,53.5
2019/7/31,57.4
2019/8/1,75
2019/8/2,77.7
2019/8/3,70.4
2019/8/4,68.6
2019/8/5,70.3
2019/8/6,82.3
2019/8/7,106
2019/8/8,98.4
2019/8/9,92.6
2019/8/10,62.8
2019/8/11,53.8
2019/8/12,48.9
2019/8/13,49.7
2019/8/14,58.7
2019/8/15,50.8
2019/8/16,44.8
2019/8/17,66.3
2019/8/18,88.2
2019/8/19,88.1
2019/8/20,78.9
2019/8/21,78.5
2019/8/22,78.8
2019/8/23,85.5
2019/8/24,97.1
2019/8/25,129
2019/8/26,130
2019/8/27,150
2019/8/28,126
2019/8/29,120
2019/8/30,116
2019/8/31,106
2019/9/1,98.1
2019/9/2,119
2019/9/3,127
2019/9/4,137
2019/9/5,161
2019/9/6,180
2019/9/7,164
2019/9/8,156
2019/9/9,144
2019/9/10,121
2019/9/11,107
2019/9/12,92.4
2019/9/13,91.9
2019/9/14,97.2
2019/9/15,99.3
2019/9/16,69.8
2019/9/17,65.6
2019/9/18,76.3
2019/9/19,77.8
2019/9/20,65
2019/9/21,56.9
2019/9/22,46.5
2019/9/23,56.2
2019/9/24,64.9
2019/9/25,66.9
2019/9/26,58.2
2019/9/27,51.7
2019/9/28,47.7
2019/9/29,44.9
2019/9/30,45.9
2019/10/1,44
2019/10/2,44.9
2019/10/3,60.4
2019/10/4,65.2
2019/10/5,60.4
2019/10/6,53
2019/10/7,46
2019/10/8,41.4
2019/10/9,40.6
2019/10/10,41.4
2019/10/11,37.8
2019/10/12,34
2019/10/13,33.4
2019/10/14,31.8
2019/10/15,30.8
2019/10/16,29.5
2019/10/17,26
2019/10/18,24.8
2019/10/19,24.3
2019/10/20,22.5
2019/10/21,22.9
2019/10/22,21.4
2019/10/23,20.7
2019/10/24,23
2019/10/25,21.3
2019/10/26,20.8
2019/10/27,20.2
2019/10/28,19.8
2019/10/29,19.7
2019/10/30,18.9
2019/10/31,18.5
2019/11/1,2.006599448
2019/11/2,2.006599448
2019/11/3,2.006599448
2019/11/4,2.006599448
2019/11/5,2.006599448
2019/11/6,2.006599448
2019/11/7,2.006599448
2019/11/8,2.006599448
2019/11/9,2.006599448
2019/11/10,2.006599448
2019/11/11,2.006599448
2019/11/12,2.006599448
2019/11/13,2.006599448
2019/11/14,2.006599448
2019/11/15,2.006599448
2019/11/16,2.006599448
2019/11/17,2.006599448
2019/11/18,2.006599448
2019/11/19,2.006599448
2019/11/20,2.006599448
2019/11/21,2.006599448
2019/11/22,2.006599448
2019/11/23,2.006599448
2019/11/24,2.006599448
2019/11/25,2.006599448
2019/11/26,2.006599448
2019/11/27,2.006599448
2019/11/28,2.006599448
2019/11/29,2.006599448
2019/11/30,2.006599448
2019/12/1,0
2019/12/2,0
2019/12/3,0
2019/12/4,0
2019/12/5,0
2019/12/6,0
2019/12/7,0
2019/12/8,0
2019/12/9,0
2019/12/10,0
2019/12/11,0
2019/12/12,0
2019/12/13,0
2019/12/14,0
2019/12/15,0
2019/12/16,0
2019/12/17,0
2019/12/18,0
2019/12/19,0
2019/12/20,0
2019/12/21,0
2019/12/22,0
2019/12/23,0
2019/12/24,0
2019/12/25,0
2019/12/26,0
2019/12/27,0
2019/12/28,0
2019/12/29,0
2019/12/30,0
2019/12/31,0
2020/1/1,0
2020/1/2,0
2020/1/3,0
2020/1/4,0
2020/1/5,0
2020/1/6,0
2020/1/7,0
2020/1/8,0
2020/1/9,0
2020/1/10,0
2020/1/11,0
2020/1/12,0
2020/1/13,0
2020/1/14,0
2020/1/15,0
2020/1/16,0
2020/1/17,0
2020/1/18,0
2020/1/19,0
2020/1/20,0
2020/1/21,0
2020/1/22,0
2020/1/23,0
2020/1/24,0
2020/1/25,0
2020/1/26,0
2020/1/27,0
2020/1/28,0
2020/1/29,0
2020/1/30,0
2020/1/31,0
2020/2/1,0
2020/2/2,0
2020/2/3,0
2020/2/4,0
2020/2/5,0
2020/2/6,0
2020/2/7,0
2020/2/8,0
2020/2/9,0
2020/2/10,0
2020/2/11,0
2020/2/12,0
2020/2/13,0
2020/2/14,0
2020/2/15,0
2020/2/16,0
2020/2/17,0
2020/2/18,0
2020/2/19,0
2020/2/20,0
2020/2/21,0
2020/2/22,0
2020/2/23,0
2020/2/24,0
2020/2/25,0
2020/2/26,0
2020/2/27,0
2020/2/28,0
2020/2/29,0
2020/3/1,3.335190313
2020/3/2,3.335190313
2020/3/3,3.335190313
2020/3/4,3.335190313
2020/3/5,3.335190313
2020/3/6,3.335190313
2020/3/7,3.335190313
2020/3/8,3.335190313
2020/3/9,3.335190313
2020/3/10,3.335190313
2020/3/11,3.335190313
2020/3/12,3.335190313
2020/3/13,3.335190313
2020/3/14,3.335190313
2020/3/15,3.335190313
2020/3/16,3.335190313
2020/3/17,3.335190313
2020/3/18,3.335190313
2020/3/19,3.335190313
2020/3/20,3.335190313
2020/3/21,3.335190313
2020/3/22,3.335190313
2020/3/23,3.335190313
2020/3/24,3.335190313
2020/3/25,3.335190313
2020/3/26,3.335190313
2020/3/27,3.335190313
2020/3/28,3.335190313
2020/3/29,3.335190313
2020/3/30,3.335190313
2020/3/31,3.335190313
2020/4/1,13.78545329
2020/4/2,13.78545329
2020/4/3,13.78545329
2020/4/4,13.78545329
2020/4/5,13.78545329
2020/4/6,13.78545329
2020/4/7,13.78545329
2020/4/8,13.78545329
2020/4/9,13.78545329
2020/4/10,13.78545329
2020/4/11,13.78545329
2020/4/12,13.78545329
2020/4/13,13.78545329
2020/4/14,13.78545329
2020/4/15,13.78545329
2020/4/16,13.78545329
2020/4/17,13.78545329
2020/4/18,13.78545329
2020/4/19,13.78545329
2020/4/20,13.78545329
2020/4/21,13.78545329
2020/4/22,13.78545329
2020/4/23,13.78545329
2020/4/24,13.78545329
2020/4/25,13.78545329
2020/4/26,13.78545329
2020/4/27,13.78545329
2020/4/28,13.78545329
2020/4/29,13.78545329
2020/4/30,13.78545329
2020/5/1,16.7
2020/5/2,17.1
2020/5/3,18.1
2020/5/4,18.4
2020/5/5,17.2
2020/5/6,22.2
2020/5/7,35.1
2020/5/8,28
2020/5/9,21.6
2020/5/10,27
2020/5/11,27
2020/5/12,26
2020/5/13,27.1
2020/5/14,27.4
2020/5/15,24.6
2020/5/16,24.7
2020/5/17,26.8
2020/5/18,36.8
2020/5/19,48.3
2020/5/20,44.7
2020/5/21,41.7
2020/5/22,44
2020/5/23,43.7
2020/5/24,46.4
2020/5/25,48.9
2020/5/26,42.1
2020/5/27,31.5
2020/5/28,26.6
2020/5/29,23.9
2020/5/30,20.7
2020/5/31,19
2020/6/1,19
2020/6/2,19.1
2020/6/3,24.8
2020/6/4,26
2020/6/5,30.2
2020/6/6,31.9
2020/6/7,41.1
2020/6/8,40.8
2020/6/9,46.8
2020/6/10,47.8
2020/6/11,51.1
2020/6/12,61.9
2020/6/13,67.4
2020/6/14,68.2
2020/6/15,74.7
2020/6/16,100
2020/6/17,135
2020/6/18,129
2020/6/19,105
2020/6/20,119
2020/6/21,146
2020/6/22,153
2020/6/23,135
2020/6/24,81.9
2020/6/25,61.7
2020/6/26,55.9
2020/6/27,65.2
2020/6/28,73
2020/6/29,61.5
2020/6/30,50.6
2020/7/1,56
2020/7/2,68.3
2020/7/3,65.6
2020/7/4,69.8
2020/7/5,105
2020/7/6,117
2020/7/7,102
2020/7/8,111
2020/7/9,144
2020/7/10,125
2020/7/11,159
2020/7/12,175
2020/7/13,123
2020/7/14,135
2020/7/15,137
2020/7/16,174
2020/7/17,181
2020/7/18,167
2020/7/19,160
2020/7/20,168
2020/7/21,190
2020/7/22,201
2020/7/23,222
2020/7/24,300
2020/7/25,313
2020/7/26,196
2020/7/27,154
2020/7/28,153
2020/7/29,196
2020/7/30,188
2020/7/31,186
2020/8/1,191
2020/8/2,212
2020/8/3,183
2020/8/4,374
2020/8/5,411
2020/8/6,465
2020/8/7,462
2020/8/8,354
2020/8/9,282
2020/8/10,248
2020/8/11,303
2020/8/12,408
2020/8/13,295
2020/8/14,274
2020/8/15,270
2020/8/16,269
2020/8/17,277
2020/8/18,209
2020/8/19,143
2020/8/20,113
2020/8/21,121
2020/8/22,163
2020/8/23,230
2020/8/24,198
2020/8/25,151
2020/8/26,127
2020/8/27,108
2020/8/28,99.5
2020/8/29,145
2020/8/30,139
2020/8/31,116
2020/9/1,87.5
2020/9/2,82.3
2020/9/3,86.5
2020/9/4,95.9
2020/9/5,112
2020/9/6,116
2020/9/7,108
2020/9/8,138
2020/9/9,136
2020/9/10,126
2020/9/11,128
2020/9/12,121
2020/9/13,104
2020/9/14,87.3
2020/9/15,77.2
2020/9/16,75.4
2020/9/17,74.6
2020/9/18,70.3
2020/9/19,63.8
2020/9/20,61.1
2020/9/21,67.6
2020/9/22,69.2
2020/9/23,62.4
2020/9/24,56.6
2020/9/25,57.8
2020/9/26,53.9
2020/9/27,49.4
2020/9/28,40.8
2020/9/29,35.8
2020/9/30,29
2020/10/1,24.4
2020/10/2,22.4
2020/10/3,20.2
2020/10/4,19.2
2020/10/5,18.5
2020/10/6,17.8
2020/10/7,17.5
2020/10/8,16.9
2020/10/9,16.8
2020/10/10,16.3
2020/10/11,16
2020/10/12,15.2
2020/10/13,14.9
2020/10/14,15
2020/10/15,14.8
2020/10/16,14.4
2020/10/17,13.8
2020/10/18,13.6
2020/10/19,13.3
2020/10/20,13
2020/10/21,13.8
2020/10/22,13.5
2020/10/23,13.7
2020/10/24,14.1
2020/10/25,14.3
2020/10/26,14.1
2020/10/27,12.3
2020/10/28,12.1
2020/10/29,12.2
2020/10/30,11.2
2020/10/31,11.2
2020/11/1,3.446363323
2020/11/2,3.446363323
2020/11/3,3.446363323
2020/11/4,3.446363323
2020/11/5,3.446363323
2020/11/6,3.446363323
2020/11/7,3.446363323
2020/11/8,3.446363323
2020/11/9,3.446363323
2020/11/10,3.446363323
2020/11/11,3.446363323
2020/11/12,3.446363323
2020/11/13,3.446363323
2020/11/14,3.446363323
2020/11/15,3.446363323
2020/11/16,3.446363323
2020/11/17,3.446363323
2020/11/18,3.446363323
2020/11/19,3.446363323
2020/11/20,3.446363323
2020/11/21,3.446363323
2020/11/22,3.446363323
2020/11/23,3.446363323
2020/11/24,3.446363323
2020/11/25,3.446363323
2020/11/26,3.446363323
2020/11/27,3.446363323
2020/11/28,3.446363323
2020/11/29,3.446363323
2020/11/30,3.446363323
2020/12/1,0
2020/12/2,0
2020/12/3,0
2020/12/4,0
2020/12/5,0
2020/12/6,0
2020/12/7,0
2020/12/8,0
2020/12/9,0
2020/12/10,0
2020/12/11,0
2020/12/12,0
2020/12/13,0
2020/12/14,0
2020/12/15,0
2020/12/16,0
2020/12/17,0
2020/12/18,0
2020/12/19,0
2020/12/20,0
2020/12/21,0
2020/12/22,0
2020/12/23,0
2020/12/24,0
2020/12/25,0
2020/12/26,0
2020/12/27,0
2020/12/28,0
2020/12/29,0
2020/12/30,0
2020/12/31,0
